uniqueTrackId,initialFrame,finalFrame,numFrames,class,horizontalDirection,verticalDirection
18071,4776,4888,57,pedestrian,WEST,NORTH
18074,4470,4560,46,pedestrian,WEST,NORTH
18082,4481,4561,41,pedestrian,WEST,NORTH
18116,7177,7287,56,pedestrian,WEST,SOUTH
18193,12524,12630,54,pedestrian,EAST,SOUTH
18256,16920,17026,54,pedestrian,EAST,NORTH
18267,17919,18061,72,pedestrian,EAST,SOUTH
18334,21970,22068,50,pedestrian,EAST,SOUTH
18339,22500,22590,46,pedestrian,WEST,SOUTH
18356,24306,24448,72,pedestrian,WEST,SOUTH
18387,25761,25881,61,pedestrian,EAST,SOUTH
18389,25792,25910,60,pedestrian,EAST,SOUTH
18390,25793,25889,49,pedestrian,EAST,SOUTH
19094,6058,6174,59,pedestrian,EAST,SOUTH
19157,10639,10739,51,pedestrian,EAST,NORTH
19219,15935,16015,41,pedestrian,EAST,SOUTH
19224,17612,17730,60,pedestrian,WEST,NORTH
19244,17559,17707,75,pedestrian,WEST,NORTH
19249,17569,17719,76,pedestrian,WEST,NORTH
19265,18545,18643,50,pedestrian,EAST,SOUTH
19312,21993,22093,51,pedestrian,WEST,NORTH
19327,22607,22755,75,pedestrian,EAST,SOUTH
19362,24732,24830,50,pedestrian,EAST,SOUTH
20042,1433,1505,37,pedestrian,EAST,SOUTH
20079,4112,4206,48,pedestrian,EAST,SOUTH
20105,5709,5783,38,pedestrian,WEST,SOUTH
20154,8130,8216,44,pedestrian,WEST,SOUTH
20181,9831,9941,56,pedestrian,WEST,NORTH
20218,13211,13293,42,pedestrian,EAST,SOUTH
20377,24690,24786,49,pedestrian,WEST,SOUTH
21033,667,761,48,pedestrian,EAST,SOUTH
21046,2540,2676,69,pedestrian,WEST,NORTH
21112,4854,4960,54,pedestrian,EAST,SOUTH
21136,6622,6756,68,pedestrian,EAST,SOUTH
21137,6624,6764,71,pedestrian,EAST,SOUTH
21138,6704,6812,55,pedestrian,EAST,SOUTH
21166,8601,8695,48,pedestrian,EAST,NORTH
21179,9949,10051,52,pedestrian,WEST,NORTH
21182,9989,10103,58,pedestrian,EAST,SOUTH
21195,9953,10067,58,pedestrian,WEST,NORTH
21208,10854,10988,68,pedestrian,WEST,SOUTH
21306,16568,16684,59,pedestrian,EAST,NORTH
21310,16639,16717,40,pedestrian,WEST,NORTH
21368,21296,21384,45,pedestrian,EAST,SOUTH
21372,22067,22175,55,pedestrian,WEST,NORTH
21416,24140,24304,83,pedestrian,EAST,SOUTH
21516,29326,29428,52,pedestrian,EAST,SOUTH
21537,30674,30968,148,pedestrian,WEST,SOUTH
22016,602,774,87,pedestrian,WEST,NORTH
22042,2077,2163,44,pedestrian,EAST,SOUTH
22066,2267,2407,71,pedestrian,EAST,SOUTH
22101,3948,4052,53,pedestrian,WEST,SOUTH
22145,6535,6629,48,pedestrian,EAST,SOUTH
22226,11740,11866,64,pedestrian,WEST,NORTH
22229,11742,11842,51,pedestrian,EAST,SOUTH
22250,13122,13206,43,pedestrian,WEST,SOUTH
22254,13287,13389,52,pedestrian,EAST,SOUTH
22315,17121,17215,48,pedestrian,WEST,SOUTH
22343,18523,18623,51,pedestrian,WEST,NORTH
22411,22747,22817,36,pedestrian,WEST,NORTH
22519,28753,28843,46,pedestrian,EAST,SOUTH
22531,29340,29522,92,pedestrian,WEST,SOUTH
22540,29148,29238,46,pedestrian,EAST,NORTH
22553,30142,30228,44,pedestrian,EAST,NORTH
23031,1217,1403,94,pedestrian,WEST,NORTH
23072,2922,3016,48,pedestrian,WEST,NORTH
23114,5071,5155,43,pedestrian,EAST,NORTH
23175,9393,9455,32,pedestrian,WEST,NORTH
23216,11380,11482,52,pedestrian,EAST,SOUTH
23227,11539,11597,30,pedestrian,WEST,NORTH
23237,12530,12626,49,pedestrian,WEST,NORTH
23374,19394,19482,45,pedestrian,EAST,SOUTH
23375,19394,19526,67,pedestrian,WEST,SOUTH
23376,19432,19592,81,pedestrian,WEST,SOUTH
23377,19440,19622,92,pedestrian,WEST,SOUTH
23423,21896,22014,60,pedestrian,WEST,NORTH
23427,22009,22097,45,pedestrian,EAST,SOUTH
23513,28142,28256,58,pedestrian,EAST,SOUTH
23549,30507,30621,58,pedestrian,WEST,NORTH
23553,31050,31164,58,pedestrian,EAST,SOUTH
23554,31336,31456,61,pedestrian,WEST,NORTH
23566,31249,31349,51,pedestrian,WEST,NORTH
23573,31313,31343,16,pedestrian,WEST,NORTH
24004,94,198,53,pedestrian,WEST,NORTH
24076,2880,2976,49,pedestrian,WEST,SOUTH
24119,5402,5518,59,pedestrian,EAST,SOUTH
24165,7420,7534,58,pedestrian,EAST,SOUTH
24205,9601,9779,90,pedestrian,EAST,NORTH
24240,11309,11419,56,pedestrian,EAST,SOUTH
24241,11638,11724,44,pedestrian,EAST,NORTH
24244,11666,11750,43,pedestrian,EAST,NORTH
24253,12518,12606,45,pedestrian,WEST,NORTH
24259,12499,12575,39,pedestrian,EAST,SOUTH
24268,13143,13247,53,pedestrian,WEST,NORTH
24272,13145,13249,53,pedestrian,WEST,NORTH
24348,17848,17952,53,pedestrian,EAST,SOUTH
24404,21953,22029,39,pedestrian,EAST,SOUTH
25060,2303,2379,39,pedestrian,EAST,SOUTH
25084,3622,3726,53,pedestrian,EAST,SOUTH
25101,4266,4356,46,pedestrian,EAST,NORTH
25116,6315,6393,40,pedestrian,EAST,NORTH
25117,6296,6408,57,pedestrian,WEST,NORTH
25250,14162,14262,51,pedestrian,EAST,NORTH
25266,15288,15360,37,pedestrian,WEST,NORTH
25268,15340,15414,38,pedestrian,WEST,NORTH
25300,16830,16926,49,pedestrian,EAST,NORTH
25330,18593,18715,62,pedestrian,EAST,SOUTH
25332,18625,18739,58,pedestrian,EAST,SOUTH
25367,22023,22175,77,pedestrian,EAST,SOUTH
25441,25492,25588,49,pedestrian,WEST,SOUTH
25472,27478,27650,87,pedestrian,WEST,NORTH
25520,30304,30410,54,pedestrian,EAST,SOUTH
25521,30308,30414,54,pedestrian,WEST,SOUTH
25531,30750,30856,54,pedestrian,WEST,NORTH
25534,30772,30866,48,pedestrian,WEST,NORTH
26010,348,476,65,pedestrian,EAST,NORTH
2603900,2739,2907,170,pedestrian,WEST,NORTH
2603901,2957,3231,276,pedestrian,EAST,SOUTH
26085,3986,4076,46,pedestrian,WEST,SOUTH
26103,4864,4978,58,pedestrian,WEST,SOUTH
26161,7531,7641,56,pedestrian,EAST,SOUTH
26169,7698,7790,47,pedestrian,WEST,NORTH
26223,11398,11504,54,pedestrian,WEST,NORTH
26231,11423,11525,52,pedestrian,WEST,NORTH
26285,14896,14988,47,pedestrian,EAST,NORTH
26398,22964,23050,44,pedestrian,EAST,SOUTH
26438,25140,25190,26,pedestrian,WEST,NORTH
26440,25138,25216,40,pedestrian,WEST,NORTH
26451,26279,26609,166,pedestrian,WEST,NORTH
26475,27762,27920,80,pedestrian,EAST,NORTH
27248,13289,13523,118,pedestrian,EAST,SOUTH
27258,14249,14325,39,pedestrian,WEST,SOUTH
27268,15225,15357,67,pedestrian,EAST,SOUTH
27294,17341,17427,44,pedestrian,WEST,NORTH
2734600,18554,18708,156,pedestrian,WEST,NORTH
2734601,18782,18882,102,pedestrian,EAST,SOUTH
27374,20775,20887,57,pedestrian,WEST,SOUTH
27379,20718,20828,56,pedestrian,WEST,NORTH
27420,23217,23325,55,pedestrian,EAST,SOUTH
27422,23198,23314,59,pedestrian,EAST,SOUTH
27431,23882,24074,97,pedestrian,EAST,SOUTH
27552,30914,31028,58,pedestrian,EAST,SOUTH
28123,7139,7559,211,pedestrian,WEST,SOUTH
28143,7483,7567,43,pedestrian,EAST,SOUTH
28174,9640,9728,45,pedestrian,EAST,SOUTH
28206,11204,11304,51,pedestrian,WEST,SOUTH
28242,13490,13600,56,pedestrian,WEST,NORTH
28275,16215,16715,251,pedestrian,WEST,SOUTH
28283,16651,16759,55,pedestrian,EAST,NORTH
28297,17440,17522,42,pedestrian,EAST,SOUTH
28402,23635,23727,47,pedestrian,EAST,NORTH
28458,27011,27101,46,pedestrian,WEST,NORTH
28469,27571,27673,52,pedestrian,EAST,SOUTH
28475,27726,27840,58,pedestrian,EAST,SOUTH
29104,4555,4669,58,pedestrian,WEST,NORTH
29207,10375,10475,51,pedestrian,WEST,SOUTH
29222,11312,11420,55,pedestrian,WEST,SOUTH
29303,15356,15532,89,pedestrian,WEST,NORTH
29305,15645,15779,68,pedestrian,EAST,SOUTH
29306,15677,15785,55,pedestrian,EAST,SOUTH
29331,17128,17234,54,pedestrian,EAST,SOUTH
29457,24375,24463,45,pedestrian,EAST,SOUTH
29462,24907,25029,62,pedestrian,WEST,NORTH
29493,26065,26175,56,pedestrian,EAST,SOUTH
29529,27569,27663,48,pedestrian,EAST,NORTH
29555,29190,29308,60,pedestrian,EAST,SOUTH
29585,31435,31577,72,pedestrian,WEST,NORTH
29586,31464,31616,77,pedestrian,WEST,NORTH
18022,282,488,104,car,EAST,SOUTH
18024,344,558,108,car,EAST,SOUTH
18025,407,643,119,car,EAST,SOUTH
18033,1096,1354,130,car,WEST,NORTH
18036,1165,1359,98,car,EAST,SOUTH
18039,1341,1749,205,car,WEST,NORTH
18046,1530,1756,114,car,EAST,SOUTH
18056,2277,2489,107,car,EAST,SOUTH
18058,2540,2988,225,car,EAST,SOUTH
18062,3009,3209,101,car,WEST,NORTH
18066,3340,3568,115,car,EAST,NORTH
18067,3383,3661,140,car,EAST,SOUTH
18080,4261,4417,79,car,WEST,NORTH
18091,5050,5278,115,car,EAST,SOUTH
18092,5134,5310,89,car,WEST,NORTH
18095,5417,5573,79,car,EAST,SOUTH
18096,5472,5652,91,car,EAST,SOUTH
18106,6371,6545,88,car,WEST,SOUTH
18111,6626,6926,151,car,WEST,NORTH
18113,6604,6832,115,car,EAST,SOUTH
18123,7094,7394,151,car,WEST,SOUTH
18132,7695,7919,113,car,EAST,SOUTH
18133,7736,7958,112,car,EAST,SOUTH
18167,10009,10481,237,car,EAST,SOUTH
18174,10368,10634,134,car,EAST,SOUTH
18175,10661,10871,106,car,EAST,SOUTH
18177,11280,11434,78,car,EAST,NORTH
18187,11865,12155,146,car,EAST,SOUTH
18192,12197,12391,98,car,EAST,SOUTH
18194,12880,13056,89,car,WEST,NORTH
18195,12931,13105,88,car,WEST,NORTH
18206,13338,13524,94,car,EAST,SOUTH
18212,13803,14091,145,car,EAST,SOUTH
18215,13920,14282,182,car,EAST,NORTH
18217,14078,14164,44,car,WEST,NORTH
18223,14534,14752,110,car,EAST,SOUTH
18231,14893,15103,106,car,EAST,SOUTH
18233,14940,15162,112,car,EAST,SOUTH
18235,15035,15217,92,car,EAST,SOUTH
18238,15288,15546,130,car,EAST,SOUTH
18240,15473,15673,101,car,EAST,SOUTH
18244,15561,15825,133,car,EAST,SOUTH
18246,15639,15879,121,car,EAST,SOUTH
18247,15791,16031,121,car,WEST,NORTH
18250,16081,16315,118,car,WEST,NORTH
18251,15945,16133,95,car,EAST,NORTH
18252,16175,16425,126,car,WEST,NORTH
18255,16387,16611,113,car,EAST,NORTH
18257,16621,16805,93,car,EAST,NORTH
18264,17238,17474,119,car,EAST,SOUTH
18268,17812,18002,96,car,EAST,SOUTH
18270,17985,18205,111,car,EAST,SOUTH
18271,18099,18299,101,car,EAST,SOUTH
18272,18302,18508,104,car,WEST,NORTH
18276,18339,18521,92,car,EAST,SOUTH
18278,18589,18773,93,car,WEST,NORTH
18282,18654,18842,95,car,WEST,NORTH
18283,18783,18949,84,car,EAST,NORTH
18284,19022,19394,187,car,WEST,NORTH
18289,19553,19707,78,car,EAST,SOUTH
18291,19622,19798,89,car,EAST,NORTH
18292,19704,19882,90,car,EAST,SOUTH
18294,19752,19976,113,car,EAST,SOUTH
18297,19875,20099,113,car,EAST,SOUTH
18301,20172,20324,77,car,WEST,SOUTH
18309,20568,21226,330,car,WEST,NORTH
18310,20503,20859,179,car,EAST,SOUTH
18316,20734,21068,168,car,EAST,SOUTH
18318,20837,21273,219,car,WEST,NORTH
18320,21011,21335,163,car,WEST,NORTH
18323,21009,21345,169,car,EAST,SOUTH
18329,21236,21520,143,car,EAST,SOUTH
18330,21306,21576,136,car,EAST,SOUTH
18331,21391,21611,111,car,EAST,SOUTH
18332,21459,21671,107,car,EAST,SOUTH
18336,21896,22084,95,car,EAST,NORTH
18338,22120,22292,87,car,EAST,NORTH
18340,22278,22426,75,car,EAST,SOUTH
18341,22439,22819,191,car,WEST,NORTH
18342,22348,22530,92,car,EAST,NORTH
18345,22852,22976,63,car,WEST,NORTH
18346,23106,23300,98,car,WEST,NORTH
18354,23392,23606,108,car,EAST,SOUTH
18355,23464,23756,147,car,EAST,SOUTH
18357,23714,23892,90,car,WEST,NORTH
18361,23861,24025,83,car,EAST,SOUTH
18362,23928,24122,98,car,EAST,SOUTH
18366,24027,24575,275,car,EAST,SOUTH
18367,24125,24637,257,car,EAST,SOUTH
18368,24196,24724,265,car,EAST,SOUTH
18373,24643,24895,127,car,EAST,NORTH
18374,24728,24956,115,car,WEST,SOUTH
18376,24725,24995,136,car,EAST,NORTH
18380,24784,25098,158,car,EAST,SOUTH
18381,24835,25131,149,car,EAST,SOUTH
18384,25144,25318,88,car,WEST,SOUTH
18395,26198,26482,143,car,EAST,SOUTH
18398,26745,26977,117,car,EAST,SOUTH
18400,26833,27055,112,car,EAST,SOUTH
18402,26880,27106,114,car,EAST,SOUTH
18405,26963,27183,111,car,EAST,SOUTH
18406,27011,27221,106,car,EAST,SOUTH
18407,27071,27285,108,car,EAST,SOUTH
18414,27214,27588,188,car,EAST,SOUTH
18415,27271,27637,184,car,EAST,SOUTH
18416,27346,27700,178,car,EAST,SOUTH
18417,27494,27986,247,car,EAST,SOUTH
18418,27500,27986,244,car,EAST,SOUTH
18419,27544,27870,164,car,EAST,NORTH
18421,27623,27985,182,car,EAST,SOUTH
18423,27715,27985,136,car,EAST,SOUTH
18003,4,178,88,bicycle,EAST,SOUTH
18027,640,916,139,bicycle,WEST,SOUTH
18030,802,1138,169,bicycle,WEST,SOUTH
18031,834,1170,169,bicycle,WEST,SOUTH
18032,1022,1276,128,bicycle,WEST,NORTH
18057,2572,2742,86,bicycle,WEST,SOUTH
18060,2632,2788,79,bicycle,WEST,SOUTH
18065,3126,3382,129,bicycle,EAST,NORTH
18081,4517,5011,248,bicycle,EAST,SOUTH
18084,4700,5050,176,bicycle,EAST,SOUTH
18085,4783,5171,195,bicycle,EAST,SOUTH
18086,4749,5193,223,bicycle,EAST,SOUTH
18088,4798,5094,149,bicycle,EAST,SOUTH
18102,6246,6828,292,bicycle,WEST,NORTH
18105,6306,6520,108,bicycle,EAST,SOUTH
18119,7034,7358,163,bicycle,WEST,SOUTH
18129,7552,7746,98,bicycle,EAST,SOUTH
18155,9315,9473,80,bicycle,WEST,SOUTH
18169,10061,10513,227,bicycle,EAST,SOUTH
18205,13334,13440,54,bicycle,EAST,NORTH
18218,14191,14359,85,bicycle,EAST,SOUTH
18222,14550,14830,141,bicycle,WEST,NORTH
18245,15716,15994,140,bicycle,WEST,NORTH
18249,15935,16209,138,bicycle,WEST,NORTH
18258,16680,16854,88,bicycle,EAST,NORTH
18260,16829,17013,93,bicycle,EAST,SOUTH
18266,17681,18021,171,bicycle,WEST,NORTH
18269,17943,18097,78,bicycle,EAST,NORTH
18383,25088,25280,97,bicycle,WEST,SOUTH
18391,25481,25669,95,bicycle,EAST,SOUTH
18410,27149,27463,158,bicycle,EAST,SOUTH
19016,236,384,75,car,EAST,SOUTH
19018,340,546,104,car,EAST,SOUTH
19023,1178,1332,78,car,EAST,SOUTH
19025,1258,1428,86,car,EAST,NORTH
19028,1571,1715,73,car,EAST,SOUTH
19036,1839,2631,397,car,WEST,NORTH
19043,1995,2199,103,car,EAST,SOUTH
19048,2171,2421,126,car,EAST,NORTH
19052,2584,2798,108,car,EAST,SOUTH
19061,3106,3260,78,car,WEST,NORTH
19064,3337,3523,94,car,EAST,SOUTH
19067,3569,3771,102,car,WEST,NORTH
19073,4358,4534,89,car,EAST,SOUTH
19077,4533,4733,101,car,EAST,SOUTH
19079,4635,4953,160,car,WEST,NORTH
19083,4753,4953,101,car,EAST,SOUTH
19085,4827,5013,94,car,EAST,SOUTH
19089,5345,5535,96,car,EAST,SOUTH
19092,5439,5603,83,car,EAST,SOUTH
19095,5802,6026,113,car,EAST,SOUTH
19106,6407,6537,66,car,WEST,SOUTH
19111,7034,7276,122,car,WEST,NORTH
19116,7452,7674,112,car,WEST,NORTH
19118,7452,7668,109,car,EAST,SOUTH
19119,7696,7888,97,car,EAST,SOUTH
19120,7889,8067,90,car,WEST,SOUTH
19129,8582,8734,77,car,EAST,NORTH
19130,8620,8780,81,car,EAST,NORTH
19131,8677,8833,79,car,EAST,NORTH
19137,9050,9374,163,car,EAST,SOUTH
19139,9139,9437,150,car,EAST,SOUTH
19144,9624,9904,141,car,WEST,NORTH
19151,9804,10160,179,car,EAST,SOUTH
19154,9945,10159,108,car,WEST,SOUTH
19164,10390,10552,82,car,WEST,SOUTH
19165,10480,10658,90,car,WEST,NORTH
19172,10954,11192,120,car,WEST,NORTH
19179,11794,12122,165,car,EAST,SOUTH
19181,11857,12435,290,car,EAST,NORTH
19184,12255,12529,138,car,EAST,SOUTH
19190,12734,12832,50,car,WEST,SOUTH
19191,13015,13191,89,car,WEST,NORTH
19193,13174,13320,74,car,EAST,SOUTH
19200,14631,14823,97,car,WEST,NORTH
19213,15352,15610,130,car,EAST,SOUTH
19216,15550,15958,205,car,EAST,SOUTH
19218,15648,15948,151,car,EAST,NORTH
19227,16429,16675,124,car,WEST,SOUTH
19228,16501,16747,124,car,WEST,NORTH
19229,16495,16795,151,car,EAST,NORTH
19231,16567,16871,153,car,EAST,NORTH
19239,16730,16754,13,car,WEST,NORTH
19248,17347,17535,95,car,EAST,SOUTH
19257,17941,18189,125,car,EAST,SOUTH
19258,18011,18233,112,car,EAST,SOUTH
19259,18075,18307,117,car,EAST,SOUTH
19266,18790,18928,70,car,WEST,NORTH
19268,18884,19036,77,car,WEST,NORTH
19270,19252,19508,129,car,EAST,SOUTH
19279,19709,19939,116,car,EAST,SOUTH
19284,19778,20012,118,car,EAST,SOUTH
19285,19833,20081,125,car,EAST,SOUTH
19286,19915,20265,176,car,WEST,NORTH
19287,19988,20326,170,car,WEST,NORTH
19290,20372,20506,68,car,EAST,SOUTH
19292,20412,20546,68,car,EAST,SOUTH
19298,20664,20918,128,car,EAST,SOUTH
19301,20945,21131,94,car,EAST,SOUTH
19303,21096,21292,99,car,EAST,SOUTH
19306,21166,21358,97,car,EAST,SOUTH
19308,21350,21570,111,car,EAST,NORTH
19317,21858,22016,80,car,WEST,SOUTH
19324,22431,22663,117,car,WEST,NORTH
19326,22265,22509,123,car,EAST,SOUTH
19328,22335,22585,126,car,EAST,SOUTH
19332,22584,22814,116,car,EAST,SOUTH
19344,23334,23496,82,car,EAST,SOUTH
19348,23700,23856,79,car,WEST,SOUTH
19359,24273,24487,108,car,EAST,NORTH
19361,24447,24577,66,car,EAST,SOUTH
19027,1429,1609,91,bicycle,EAST,SOUTH
19065,3384,3660,139,bicycle,EAST,SOUTH
19097,5976,6150,88,bicycle,EAST,SOUTH
19100,6192,6572,191,bicycle,WEST,NORTH
19109,6715,7223,255,bicycle,EAST,SOUTH
19122,8175,8359,93,bicycle,WEST,SOUTH
19127,8296,8512,109,bicycle,EAST,NORTH
19128,8348,8634,144,bicycle,EAST,SOUTH
19134,8915,9191,139,bicycle,EAST,SOUTH
19136,8970,9204,118,bicycle,EAST,SOUTH
19142,9431,9633,102,bicycle,WEST,NORTH
19143,9539,9881,172,bicycle,WEST,NORTH
19156,10072,10326,128,bicycle,EAST,SOUTH
19162,10345,10587,122,bicycle,WEST,NORTH
19169,10748,10926,90,bicycle,EAST,SOUTH
19171,10816,11000,93,bicycle,EAST,SOUTH
19185,12361,12593,117,bicycle,EAST,SOUTH
19186,12559,12867,155,bicycle,WEST,NORTH
19195,13720,13848,65,bicycle,EAST,SOUTH
19206,15113,15249,69,bicycle,EAST,NORTH
19208,15286,15502,109,bicycle,EAST,NORTH
19209,15377,15751,188,bicycle,EAST,SOUTH
19234,16604,16942,170,bicycle,EAST,SOUTH
19250,17510,17686,89,bicycle,WEST,SOUTH
19253,17751,18019,135,bicycle,WEST,SOUTH
19256,17832,18032,101,bicycle,EAST,SOUTH
19269,19160,19600,221,bicycle,WEST,NORTH
19299,20722,20956,118,bicycle,EAST,SOUTH
19305,21262,22120,430,bicycle,WEST,NORTH
19307,21311,22175,433,bicycle,WEST,NORTH
19333,22706,22950,123,bicycle,WEST,NORTH
19342,23230,23392,82,bicycle,WEST,SOUTH
19347,23591,23747,79,bicycle,WEST,SOUTH
19355,24107,24303,99,bicycle,EAST,SOUTH
19367,24659,24821,82,bicycle,EAST,SOUTH
19210,15304,15450,74,truck_bus,EAST,SOUTH
19217,15621,15871,126,truck_bus,WEST,SOUTH
19230,16578,16698,61,truck_bus,WEST,NORTH
19273,19538,19700,82,truck_bus,WEST,NORTH
19316,21770,21886,59,truck_bus,WEST,SOUTH
20000,4,328,163,car,EAST,SOUTH
20025,163,353,96,car,EAST,NORTH
20030,312,486,88,car,EAST,NORTH
20032,451,613,82,car,EAST,NORTH
20033,502,694,97,car,EAST,SOUTH
20034,567,777,106,car,EAST,SOUTH
20036,674,908,118,car,EAST,SOUTH
20037,804,1200,199,car,WEST,NORTH
20038,733,971,120,car,EAST,SOUTH
20039,989,1077,45,car,WEST,SOUTH
20044,1420,1648,115,car,WEST,NORTH
20046,1517,1805,145,car,EAST,SOUTH
20047,1740,1980,121,car,WEST,SOUTH
20050,2020,2224,103,car,EAST,NORTH
20065,3053,3229,89,car,EAST,NORTH
20068,3257,3465,105,car,EAST,SOUTH
20071,3517,3709,97,car,WEST,NORTH
20072,3495,3719,113,car,EAST,SOUTH
20073,3548,3766,110,car,EAST,SOUTH
20076,3722,3910,95,car,EAST,SOUTH
20088,4277,4567,146,car,EAST,SOUTH
20093,4625,4781,79,car,WEST,SOUTH
20102,5037,5433,199,car,EAST,SOUTH
20104,5125,5525,201,car,EAST,SOUTH
20106,5179,5595,209,car,EAST,SOUTH
20111,5257,5677,211,car,EAST,SOUTH
20113,5365,5767,202,car,EAST,SOUTH
20115,5446,5824,190,car,EAST,SOUTH
20118,5589,6065,239,car,EAST,SOUTH
20119,5955,6191,119,car,EAST,SOUTH
20120,6043,6275,117,car,EAST,SOUTH
20123,6132,6364,117,car,EAST,SOUTH
20125,6241,6393,77,car,WEST,SOUTH
20130,6425,6661,119,car,EAST,SOUTH
20132,6671,6997,164,car,EAST,SOUTH
20135,6826,7176,176,car,EAST,SOUTH
20140,7100,7336,119,car,EAST,SOUTH
20145,7416,7612,99,car,EAST,SOUTH
20147,7593,7717,63,car,EAST,NORTH
20148,7675,7883,105,car,EAST,NORTH
20149,7728,7914,94,car,EAST,SOUTH
20155,8017,8199,92,car,EAST,SOUTH
20158,8242,8392,76,car,WEST,SOUTH
20162,8587,8739,77,car,EAST,SOUTH
20176,9217,9489,137,car,WEST,NORTH
20177,9328,9562,118,car,WEST,NORTH
20178,9268,9450,92,car,EAST,SOUTH
20179,9374,9620,124,car,WEST,NORTH
20180,9322,9494,87,car,EAST,SOUTH
20183,9430,9636,104,car,EAST,SOUTH
20184,9530,9730,101,car,WEST,NORTH
20185,9487,9669,92,car,EAST,SOUTH
20187,10030,10218,95,car,EAST,SOUTH
20188,10087,10267,91,car,EAST,SOUTH
20190,10261,10465,103,car,WEST,NORTH
20191,10225,10433,105,car,EAST,SOUTH
20192,10272,10480,105,car,EAST,SOUTH
20195,10803,10985,92,car,EAST,SOUTH
20198,10965,11307,172,car,EAST,NORTH
20199,11101,11445,173,car,WEST,NORTH
20200,11059,11397,170,car,EAST,SOUTH
20206,11856,12052,99,car,EAST,SOUTH
20210,12161,12393,117,car,EAST,SOUTH
20211,12173,12279,54,car,EAST,NORTH
20212,12204,12364,81,car,EAST,SOUTH
20213,12254,12462,105,car,EAST,SOUTH
20220,13102,13382,141,car,WEST,SOUTH
20221,13107,13287,91,car,EAST,SOUTH
20233,14269,14667,200,car,EAST,SOUTH
20237,14502,14788,144,car,WEST,NORTH
20239,14451,14731,141,car,EAST,SOUTH
20242,14612,14838,114,car,EAST,SOUTH
20245,14813,15029,109,car,EAST,SOUTH
20246,14890,15332,222,car,EAST,SOUTH
20250,15051,15375,163,car,EAST,SOUTH
20253,15254,15442,95,car,EAST,SOUTH
20254,15385,15591,104,car,WEST,NORTH
20258,15563,15929,184,car,WEST,NORTH
20267,16257,16507,126,car,WEST,NORTH
20270,16753,17097,173,car,WEST,NORTH
20271,16860,17154,148,car,WEST,NORTH
20277,17148,17266,60,car,WEST,NORTH
20280,17606,17702,49,car,WEST,NORTH
20285,17937,18411,238,car,WEST,NORTH
20298,18572,18912,171,car,EAST,SOUTH
20304,18983,19199,109,car,EAST,SOUTH
20306,19057,19271,108,car,EAST,SOUTH
20310,19115,19311,99,car,EAST,SOUTH
20311,19288,19462,88,car,EAST,SOUTH
20316,19706,19886,91,car,EAST,NORTH
20318,19878,20006,65,car,WEST,SOUTH
20322,20108,20262,78,car,WEST,SOUTH
20328,20505,20675,86,car,EAST,NORTH
20332,21039,21229,96,car,EAST,SOUTH
20333,21341,21515,88,car,WEST,NORTH
20338,21667,21843,89,car,EAST,SOUTH
20349,22203,22331,65,car,WEST,SOUTH
20352,22314,22424,56,car,EAST,SOUTH
20355,22585,22769,93,car,EAST,SOUTH
20359,22750,23036,144,car,EAST,NORTH
20363,23094,23366,137,car,EAST,NORTH
20364,23154,23500,174,car,EAST,NORTH
20366,23220,23582,182,car,EAST,SOUTH
20368,23312,23666,178,car,EAST,SOUTH
20370,23713,23865,77,car,WEST,NORTH
20374,24184,24294,56,car,WEST,SOUTH
20386,25149,25573,213,car,WEST,NORTH
20391,25512,25646,68,car,WEST,NORTH
20392,25526,25734,105,car,EAST,SOUTH
20394,25883,26149,134,car,EAST,SOUTH
20396,26028,26376,175,car,EAST,SOUTH
20400,26276,26552,139,car,EAST,SOUTH
20403,26379,26555,89,car,EAST,NORTH
20405,26441,26677,119,car,EAST,SOUTH
20417,27211,27367,79,car,EAST,NORTH
20421,27567,27935,185,car,WEST,NORTH
20422,27456,27806,176,car,EAST,SOUTH
20426,27611,27903,147,car,EAST,SOUTH
20446,28942,29090,75,car,EAST,NORTH
20447,29068,29244,89,car,EAST,SOUTH
20453,29451,29625,88,car,EAST,SOUTH
20454,29485,29665,91,car,EAST,SOUTH
20457,29845,30195,176,car,WEST,NORTH
20462,30018,30254,119,car,EAST,NORTH
20464,30127,30345,110,car,EAST,SOUTH
20467,30211,30403,97,car,EAST,SOUTH
20468,30303,30859,279,car,WEST,NORTH
20470,30376,30536,81,car,EAST,SOUTH
20476,30810,31030,111,car,EAST,SOUTH
20479,31193,31389,99,car,WEST,NORTH
20481,31281,31477,99,car,WEST,NORTH
20484,31526,31768,122,car,WEST,SOUTH
20490,31714,31938,113,car,EAST,SOUTH
20491,31761,31907,74,car,WEST,SOUTH
20494,31943,32141,100,car,WEST,SOUTH
20021,172,376,103,bicycle,WEST,SOUTH
20031,681,885,103,bicycle,WEST,NORTH
20045,1474,1700,114,bicycle,WEST,NORTH
20051,2066,2446,191,bicycle,EAST,SOUTH
20053,2218,2528,156,bicycle,EAST,SOUTH
20056,2571,2917,174,bicycle,WEST,NORTH
20070,3426,3616,96,bicycle,EAST,SOUTH
20074,3675,3873,100,bicycle,WEST,NORTH
20080,3982,4228,124,bicycle,WEST,NORTH
20094,4710,4846,69,bicycle,WEST,NORTH
20107,5201,5713,257,bicycle,EAST,NORTH
20124,6279,6533,128,bicycle,WEST,NORTH
20138,6923,7309,194,bicycle,EAST,SOUTH
20142,7160,7362,102,bicycle,EAST,SOUTH
20151,7810,8462,327,bicycle,EAST,SOUTH
20152,7961,8173,107,bicycle,WEST,NORTH
20159,8321,8573,127,bicycle,WEST,NORTH
20173,9039,9205,84,bicycle,EAST,SOUTH
20196,10826,11014,95,bicycle,EAST,SOUTH
20208,12053,12259,104,bicycle,WEST,NORTH
20226,13575,13759,93,bicycle,EAST,SOUTH
20230,13622,13774,77,bicycle,WEST,SOUTH
20248,15258,15704,224,bicycle,WEST,SOUTH
20293,18349,18505,79,bicycle,WEST,NORTH
20305,19134,19370,119,bicycle,WEST,NORTH
20321,20047,20199,77,bicycle,EAST,SOUTH
20326,20197,20451,128,bicycle,EAST,SOUTH
20343,21973,22143,86,bicycle,EAST,NORTH
20358,22857,23113,129,bicycle,WEST,NORTH
20371,23685,23981,149,bicycle,WEST,SOUTH
20388,25360,25650,146,bicycle,WEST,NORTH
20393,25961,26137,89,bicycle,WEST,NORTH
20395,26031,26219,95,bicycle,WEST,NORTH
20408,26490,26722,117,bicycle,EAST,SOUTH
20415,26939,27179,121,bicycle,EAST,NORTH
20423,27542,27860,160,bicycle,EAST,SOUTH
20428,27668,27938,136,bicycle,EAST,SOUTH
20430,27730,28388,330,bicycle,WEST,SOUTH
20431,27884,28338,228,bicycle,WEST,NORTH
20439,28138,28588,226,bicycle,WEST,NORTH
20449,29279,29473,98,bicycle,EAST,SOUTH
20474,30650,30800,76,bicycle,WEST,SOUTH
20478,31139,31337,100,bicycle,WEST,NORTH
20486,31546,31750,103,bicycle,EAST,SOUTH
20493,31901,32167,134,bicycle,WEST,SOUTH
21000,4,290,144,car,EAST,NORTH
21002,4,228,113,car,EAST,SOUTH
21026,106,452,174,car,EAST,SOUTH
21027,150,506,179,car,EAST,SOUTH
21028,250,680,216,car,WEST,NORTH
21032,426,706,141,car,EAST,SOUTH
21036,1164,1430,134,car,EAST,SOUTH
21037,1225,1483,130,car,EAST,NORTH
21038,1310,1544,118,car,EAST,NORTH
21039,1365,1889,263,car,EAST,SOUTH
21042,1441,1835,198,car,WEST,SOUTH
21044,1408,1932,263,car,EAST,SOUTH
21045,1482,1988,254,car,EAST,SOUTH
21056,2092,2500,205,car,WEST,NORTH
21060,2315,2641,164,car,WEST,NORTH
21076,2510,3432,462,car,EAST,SOUTH
21077,2565,3799,618,car,EAST,SOUTH
21082,2849,3237,195,car,WEST,NORTH
21088,3187,3893,354,car,EAST,SOUTH
21091,3361,3489,65,car,WEST,SOUTH
21093,3504,3558,28,car,WEST,NORTH
21096,3692,3986,148,car,EAST,SOUTH
21097,3791,4065,138,car,EAST,SOUTH
21105,4307,4521,108,car,WEST,NORTH
21107,4359,4583,113,car,EAST,SOUTH
21135,6231,6591,181,car,EAST,SOUTH
21149,6921,7147,114,car,WEST,NORTH
21156,7283,7651,185,car,EAST,NORTH
21159,7359,7731,187,car,EAST,NORTH
21167,8178,8318,71,car,WEST,NORTH
21186,9402,9574,87,car,EAST,SOUTH
21192,9726,9996,136,car,EAST,SOUTH
21197,10121,10273,77,car,WEST,NORTH
21203,10319,10685,184,car,EAST,SOUTH
21204,10392,10532,71,car,WEST,SOUTH
21205,10372,10730,180,car,EAST,SOUTH
21207,10515,10847,167,car,EAST,SOUTH
21209,10786,11088,152,car,WEST,SOUTH
21230,11651,11823,87,car,WEST,NORTH
21234,12054,12688,318,car,EAST,SOUTH
21240,12501,12757,129,car,EAST,NORTH
21243,12678,12868,96,car,WEST,SOUTH
21244,12778,12994,109,car,EAST,NORTH
21246,12877,13565,345,car,WEST,SOUTH
21247,12873,13125,127,car,EAST,SOUTH
21249,12949,13191,122,car,EAST,SOUTH
21251,13011,13235,113,car,EAST,SOUTH
21253,13240,13842,302,car,WEST,NORTH
21254,13139,13385,124,car,EAST,SOUTH
21257,13262,13468,104,car,EAST,NORTH
21258,13471,13911,221,car,WEST,NORTH
21260,13502,13700,100,car,WEST,SOUTH
21263,13873,14171,150,car,WEST,NORTH
21264,13726,13992,134,car,WEST,NORTH
21265,13788,14070,142,car,WEST,NORTH
21272,14467,14691,113,car,EAST,SOUTH
21273,14568,14806,120,car,EAST,SOUTH
21275,14734,14938,103,car,EAST,NORTH
21277,14781,14989,105,car,EAST,SOUTH
21278,15189,15365,89,car,WEST,SOUTH
21280,14955,15139,93,car,EAST,SOUTH
21281,14968,15080,57,car,EAST,NORTH
21291,15493,15749,129,car,EAST,SOUTH
21293,15599,15847,125,car,EAST,SOUTH
21295,15660,16034,188,car,EAST,SOUTH
21305,16012,16360,175,car,EAST,SOUTH
21307,16095,16295,101,car,EAST,NORTH
21308,16138,16342,103,car,EAST,NORTH
21309,16216,16418,102,car,EAST,NORTH
21311,16312,16490,90,car,EAST,SOUTH
21315,16488,16660,87,car,EAST,SOUTH
21318,16801,16921,61,car,WEST,SOUTH
21319,16930,17116,94,car,EAST,SOUTH
21329,17578,17808,116,car,EAST,SOUTH
21332,17939,18181,122,car,EAST,SOUTH
21334,17997,18225,115,car,EAST,SOUTH
21336,18089,18279,96,car,EAST,SOUTH
21337,18226,18478,127,car,WEST,NORTH
21338,18329,18649,161,car,WEST,NORTH
21345,19148,19570,212,car,EAST,SOUTH
21346,19327,19665,170,car,WEST,NORTH
21347,19250,19600,176,car,EAST,NORTH
21349,19649,20005,179,car,WEST,NORTH
21354,19916,20136,111,car,EAST,SOUTH
21355,20024,20258,118,car,WEST,NORTH
21357,20028,20212,93,car,EAST,SOUTH
21361,20350,20538,95,car,EAST,SOUTH
21369,21142,21370,115,car,EAST,SOUTH
21370,21250,21612,182,car,WEST,NORTH
21371,21220,21436,109,car,EAST,SOUTH
21377,21351,21589,120,car,EAST,SOUTH
21379,21396,21664,135,car,EAST,SOUTH
21380,21562,22032,236,car,WEST,NORTH
21381,21450,21726,139,car,EAST,SOUTH
21384,21618,21820,102,car,EAST,SOUTH
21392,22241,22473,117,car,EAST,SOUTH
21399,22746,22862,59,car,EAST,SOUTH
21406,23100,23626,264,car,EAST,SOUTH
21415,23628,24046,210,car,EAST,SOUTH
21418,23779,23947,85,car,EAST,NORTH
21420,23972,24152,91,car,WEST,SOUTH
21425,24396,24996,301,car,WEST,NORTH
21430,24313,24875,282,car,EAST,NORTH
21440,24787,25051,133,car,EAST,SOUTH
21444,25124,25260,69,car,EAST,SOUTH
21452,26008,26240,117,car,EAST,SOUTH
21453,26076,26340,133,car,WEST,SOUTH
21457,26315,26563,125,car,EAST,NORTH
21458,26468,26946,240,car,WEST,NORTH
21460,26580,27394,408,car,WEST,NORTH
21462,26572,27024,227,car,EAST,SOUTH
21473,26991,27157,84,car,WEST,SOUTH
21474,27062,27240,90,car,WEST,SOUTH
21481,27784,28252,235,car,WEST,NORTH
21492,28160,28452,147,car,WEST,NORTH
21494,27898,28186,145,car,EAST,SOUTH
21499,28577,28963,194,car,WEST,NORTH
21500,28374,28752,190,car,EAST,SOUTH
21501,28430,28812,192,car,EAST,SOUTH
21504,28533,28885,177,car,EAST,SOUTH
21505,28607,28867,131,car,WEST,SOUTH
21507,28739,29041,152,car,WEST,NORTH
21509,28854,29182,165,car,WEST,NORTH
21527,29917,30315,200,car,EAST,NORTH
21529,29980,30478,250,car,EAST,NORTH
21530,30019,30539,261,car,EAST,SOUTH
21532,30158,30534,189,car,WEST,NORTH
21533,30088,30602,258,car,EAST,NORTH
21535,30139,30655,259,car,EAST,SOUTH
21536,30249,30577,165,car,WEST,NORTH
21542,30569,30771,102,car,EAST,SOUTH
21544,30697,31085,195,car,WEST,SOUTH
21545,30675,31001,164,car,EAST,SOUTH
21547,30953,31101,75,car,WEST,SOUTH
21548,30845,31101,129,car,WEST,NORTH
21029,279,665,194,bicycle,EAST,SOUTH
21030,363,727,183,bicycle,WEST,NORTH
21051,1854,2012,80,bicycle,WEST,SOUTH
21053,1899,2241,172,bicycle,EAST,SOUTH
21054,1992,2368,189,bicycle,EAST,SOUTH
21062,2058,2362,153,bicycle,EAST,SOUTH
21066,2187,2417,116,bicycle,WEST,SOUTH
21080,2612,3044,217,bicycle,EAST,SOUTH
21083,2772,3880,555,bicycle,EAST,SOUTH
21099,3941,4183,122,bicycle,WEST,SOUTH
21101,4102,4254,77,bicycle,WEST,SOUTH
21104,4238,4504,134,bicycle,WEST,NORTH
21113,4732,4934,102,bicycle,WEST,SOUTH
21117,4862,5112,126,bicycle,EAST,NORTH
21118,4908,5148,121,bicycle,EAST,NORTH
21123,5222,5458,119,bicycle,EAST,NORTH
21145,6756,7026,136,bicycle,WEST,NORTH
21150,6870,7132,132,bicycle,EAST,SOUTH
21153,7174,7404,116,bicycle,EAST,SOUTH
21155,7370,7650,141,bicycle,WEST,NORTH
21157,7408,7614,104,bicycle,WEST,NORTH
21176,9054,9296,122,bicycle,EAST,SOUTH
21202,10341,10481,71,bicycle,WEST,SOUTH
21206,10459,10667,105,bicycle,WEST,NORTH
21212,10988,11120,67,bicycle,WEST,SOUTH
21218,11121,11281,81,bicycle,WEST,NORTH
21219,11107,11337,116,bicycle,EAST,NORTH
21221,11275,11809,268,bicycle,EAST,SOUTH
21229,11602,11780,90,bicycle,WEST,NORTH
21233,11875,12153,140,bicycle,WEST,NORTH
21245,12806,12962,79,bicycle,WEST,SOUTH
21256,13406,13728,162,bicycle,WEST,SOUTH
21266,13708,13798,46,bicycle,WEST,NORTH
21292,15523,15783,131,bicycle,EAST,NORTH
21294,15696,16092,199,bicycle,EAST,SOUTH
21296,15728,15932,103,bicycle,WEST,SOUTH
21324,17196,17750,278,bicycle,EAST,SOUTH
21325,17279,17471,97,bicycle,EAST,NORTH
21327,17651,18001,176,bicycle,WEST,SOUTH
21331,17940,18276,169,bicycle,WEST,SOUTH
21341,18601,18777,89,bicycle,EAST,SOUTH
21386,21809,22053,123,bicycle,EAST,SOUTH
21400,22794,22988,98,bicycle,EAST,SOUTH
21423,24092,24354,132,bicycle,EAST,SOUTH
21424,24315,24963,325,bicycle,WEST,NORTH
21436,24636,24846,106,bicycle,WEST,SOUTH
21438,24764,25130,184,bicycle,EAST,SOUTH
21441,24963,25201,120,bicycle,EAST,SOUTH
21443,25078,25296,110,bicycle,EAST,SOUTH
21445,25125,25335,106,bicycle,EAST,SOUTH
21447,25517,25747,116,bicycle,WEST,NORTH
21451,25711,25895,93,bicycle,EAST,NORTH
21464,26942,27742,401,bicycle,WEST,NORTH
21465,26673,27061,195,bicycle,EAST,SOUTH
21477,27414,28162,375,bicycle,WEST,NORTH
21478,27138,27330,97,bicycle,WEST,SOUTH
21485,27457,27997,271,bicycle,EAST,SOUTH
21498,28483,28965,242,bicycle,WEST,NORTH
21508,28786,29114,165,bicycle,WEST,NORTH
21543,30588,30830,122,bicycle,EAST,NORTH
21129,5952,6296,173,truck_bus,EAST,SOUTH
22000,4,196,97,car,WEST,SOUTH
22002,4,254,126,car,WEST,NORTH
22008,4,250,124,car,EAST,SOUTH
22034,12,214,102,car,EAST,SOUTH
22039,498,804,154,car,EAST,SOUTH
22040,784,1050,134,car,WEST,NORTH
22041,654,1146,247,car,EAST,SOUTH
22044,1011,1227,109,car,EAST,SOUTH
22046,1116,1434,160,car,EAST,NORTH
22047,1162,1780,310,car,EAST,SOUTH
22050,1601,2027,214,car,WEST,NORTH
22052,1253,1875,312,car,EAST,SOUTH
22056,1809,2071,132,car,WEST,NORTH
22057,1474,2006,267,car,EAST,SOUTH
22062,1961,2475,258,car,WEST,NORTH
22067,2051,2585,268,car,WEST,NORTH
22070,2008,2568,281,car,EAST,NORTH
22072,2196,2824,315,car,EAST,SOUTH
22073,2271,2957,344,car,EAST,SOUTH
22077,2602,3154,277,car,WEST,NORTH
22087,2838,3060,112,car,EAST,SOUTH
22094,3075,3343,135,car,EAST,NORTH
22098,3435,3657,112,car,EAST,SOUTH
22099,3494,3728,118,car,EAST,SOUTH
22100,3530,3766,119,car,EAST,SOUTH
22103,3706,3918,107,car,EAST,NORTH
22104,3755,3991,119,car,EAST,SOUTH
22106,3805,4037,117,car,EAST,SOUTH
22107,3853,4085,117,car,EAST,SOUTH
22108,3946,4122,89,car,WEST,SOUTH
22116,4620,4828,105,car,WEST,NORTH
22120,4781,4907,64,car,WEST,SOUTH
22125,5060,5306,124,car,EAST,NORTH
22126,5252,5436,93,car,EAST,NORTH
22127,5304,5542,120,car,EAST,SOUTH
22134,5533,5687,78,car,EAST,SOUTH
22139,5712,6196,243,car,EAST,SOUTH
22141,5873,6241,185,car,EAST,SOUTH
22142,5958,6306,175,car,EAST,SOUTH
22149,6692,6966,138,car,WEST,NORTH
22150,6684,6898,108,car,WEST,NORTH
22154,6648,7110,232,car,EAST,NORTH
22155,6707,7175,235,car,EAST,SOUTH
22158,6865,7349,243,car,WEST,SOUTH
22159,6976,7230,128,car,WEST,SOUTH
22164,7631,7943,157,car,EAST,SOUTH
22166,7805,8059,128,car,WEST,NORTH
22169,7903,8181,140,car,WEST,NORTH
22170,7984,8256,137,car,WEST,NORTH
22178,8201,8487,144,car,EAST,NORTH
22186,8976,9122,74,car,WEST,SOUTH
22187,8930,9288,180,car,EAST,SOUTH
22191,9140,9346,104,car,EAST,NORTH
22200,9484,9692,105,car,EAST,SOUTH
22205,9726,9944,110,car,EAST,SOUTH
22209,9907,10109,102,car,EAST,SOUTH
22212,10020,10202,92,car,EAST,SOUTH
22225,11290,11478,95,car,WEST,NORTH
22241,12262,12460,100,car,EAST,SOUTH
22243,12323,12481,80,car,EAST,NORTH
22252,12891,13029,70,car,WEST,SOUTH
22255,13037,13345,155,car,WEST,NORTH
22259,13326,13746,211,car,WEST,NORTH
22261,13478,13844,184,car,WEST,NORTH
22264,13773,13919,74,car,WEST,NORTH
22266,13817,14177,181,car,WEST,NORTH
22271,14062,14286,113,car,WEST,NORTH
22276,14252,14444,97,car,EAST,SOUTH
22281,14884,14910,14,car,EAST,SOUTH
22282,14933,15051,60,car,EAST,SOUTH
22283,14944,15318,188,car,EAST,SOUTH
22284,15048,15346,150,car,WEST,NORTH
22291,15323,15979,329,car,WEST,NORTH
22301,15566,16452,444,car,EAST,SOUTH
22318,16853,17207,178,car,EAST,SOUTH
22320,17012,17362,176,car,WEST,NORTH
22353,18695,19139,223,car,WEST,NORTH
22356,18785,18969,93,car,EAST,SOUTH
22359,19185,19375,96,car,WEST,NORTH
22360,19247,19417,86,car,WEST,NORTH
22361,19154,19310,79,car,EAST,SOUTH
22367,19826,20010,93,car,WEST,NORTH
22371,19927,20093,84,car,WEST,NORTH
22373,19970,20142,87,car,EAST,SOUTH
22377,20360,20604,123,car,WEST,NORTH
22386,20606,20798,97,car,EAST,SOUTH
22395,21394,21568,88,car,WEST,NORTH
22396,21454,21696,122,car,WEST,NORTH
22397,21555,21789,118,car,WEST,NORTH
22398,21620,21840,111,car,WEST,NORTH
22399,21558,21718,81,car,EAST,SOUTH
22401,21803,22013,106,car,WEST,NORTH
22402,21740,21992,127,car,EAST,NORTH
22403,21798,22092,148,car,EAST,SOUTH
22406,22069,22221,77,car,WEST,NORTH
22409,22207,22595,195,car,WEST,NORTH
22412,22292,22682,196,car,WEST,NORTH
22417,22619,23231,307,car,WEST,NORTH
22421,22677,22951,138,car,WEST,SOUTH
22427,23159,23525,184,car,WEST,NORTH
22428,23290,23604,158,car,WEST,NORTH
22432,23460,23832,187,car,WEST,NORTH
22435,23666,23896,116,car,WEST,NORTH
22436,23410,23654,123,car,EAST,SOUTH
22439,23612,23768,79,car,EAST,SOUTH
22440,23616,23826,106,car,EAST,SOUTH
22443,24001,24171,86,car,EAST,SOUTH
22445,24211,24353,72,car,WEST,SOUTH
22446,24330,24588,130,car,EAST,SOUTH
22450,24412,24658,124,car,EAST,SOUTH
22453,24701,25033,167,car,EAST,SOUTH
22461,25077,25537,231,car,EAST,SOUTH
22463,25232,25400,85,car,WEST,SOUTH
22464,25348,25628,141,car,WEST,NORTH
22465,25491,25695,103,car,WEST,NORTH
22466,25579,25783,103,car,WEST,NORTH
22468,25598,25766,85,car,EAST,SOUTH
22469,25721,25935,108,car,EAST,SOUTH
22475,26465,26691,114,car,EAST,SOUTH
22489,27434,27634,101,car,EAST,NORTH
22498,27772,27994,112,car,EAST,SOUTH
22500,27836,28030,98,car,EAST,SOUTH
22507,27930,28286,179,car,EAST,SOUTH
22511,28058,28442,193,car,EAST,SOUTH
22512,28099,28495,199,car,EAST,SOUTH
22524,28780,28956,89,car,WEST,SOUTH
22527,28672,28990,160,car,EAST,SOUTH
22533,28954,29382,215,car,EAST,SOUTH
22535,29152,29388,119,car,WEST,NORTH
22539,29314,29570,129,car,WEST,NORTH
22543,29236,30174,470,car,EAST,NORTH
22549,29333,30335,502,car,EAST,SOUTH
22552,29637,30395,380,car,EAST,SOUTH
22035,156,368,107,bicycle,EAST,SOUTH
22043,822,1050,115,bicycle,EAST,NORTH
22060,1870,2142,137,bicycle,WEST,NORTH
22083,2764,3010,124,bicycle,WEST,SOUTH
22084,2792,3170,190,bicycle,EAST,SOUTH
22089,3048,3314,134,bicycle,WEST,NORTH
22092,3126,3364,120,bicycle,WEST,NORTH
22112,4103,4307,103,bicycle,EAST,NORTH
22114,4241,4429,95,bicycle,WEST,SOUTH
22123,5025,5291,134,bicycle,WEST,SOUTH
22124,5127,5361,118,bicycle,WEST,NORTH
22130,5438,5584,74,bicycle,WEST,NORTH
22138,5862,6356,248,bicycle,WEST,NORTH
22152,6685,6825,71,bicycle,WEST,SOUTH
22167,7853,8145,147,bicycle,WEST,NORTH
22196,9326,9506,91,bicycle,WEST,SOUTH
22199,9551,9763,107,bicycle,WEST,NORTH
22211,9950,10114,83,bicycle,EAST,NORTH
22222,11255,11563,155,bicycle,WEST,NORTH
22237,12002,12186,93,bicycle,EAST,SOUTH
22258,13293,13549,129,bicycle,WEST,NORTH
22268,13878,14060,92,bicycle,WEST,SOUTH
22270,13982,14152,86,bicycle,WEST,SOUTH
22278,14580,14870,146,bicycle,WEST,NORTH
22289,15219,15635,209,bicycle,WEST,NORTH
22307,16094,16280,94,bicycle,WEST,NORTH
22310,16159,16421,132,bicycle,EAST,NORTH
22319,17055,17431,189,bicycle,WEST,NORTH
22326,17178,17386,105,bicycle,EAST,SOUTH
22329,17611,17781,86,bicycle,WEST,NORTH
22341,18320,18704,193,bicycle,WEST,NORTH
22342,18306,18686,191,bicycle,WEST,NORTH
22351,18549,19003,228,bicycle,EAST,SOUTH
22362,19295,19469,88,bicycle,WEST,NORTH
22363,19319,19541,112,bicycle,WEST,NORTH
22370,19930,20206,139,bicycle,WEST,NORTH
22392,21112,21424,157,bicycle,WEST,NORTH
22400,21735,21923,95,bicycle,WEST,NORTH
22404,21931,22115,93,bicycle,WEST,NORTH
22408,22112,22304,97,bicycle,WEST,NORTH
22423,23071,23473,202,bicycle,WEST,NORTH
22454,24733,24937,103,bicycle,EAST,NORTH
22456,24990,25190,101,bicycle,WEST,NORTH
22481,26892,27114,112,bicycle,WEST,NORTH
22482,26817,26993,89,bicycle,EAST,SOUTH
22485,27179,27447,135,bicycle,EAST,SOUTH
22488,27484,27658,88,bicycle,WEST,SOUTH
22494,27658,27892,118,bicycle,EAST,SOUTH
22501,27952,28312,181,bicycle,WEST,NORTH
22513,28240,28628,195,bicycle,WEST,NORTH
22514,28247,28547,151,bicycle,EAST,SOUTH
22522,28547,28673,64,bicycle,EAST,SOUTH
22523,28570,28918,175,bicycle,EAST,SOUTH
22538,29062,29418,179,bicycle,EAST,SOUTH
22546,29275,30071,399,bicycle,EAST,SOUTH
22548,29441,30035,298,bicycle,WEST,NORTH
22556,30127,30409,142,bicycle,WEST,NORTH
23000,46,206,81,car,WEST,SOUTH
23004,4,134,66,car,EAST,NORTH
23041,509,643,68,car,WEST,NORTH
23045,1241,1539,150,car,EAST,SOUTH
23048,1716,2010,148,car,EAST,SOUTH
23051,2093,2445,177,car,WEST,NORTH
23056,2213,2355,72,car,WEST,SOUTH
23057,2275,2533,130,car,WEST,NORTH
23058,2473,2773,151,car,WEST,NORTH
23062,2611,2809,100,car,EAST,SOUTH
23067,2754,2958,103,car,EAST,SOUTH
23069,2815,3013,100,car,EAST,SOUTH
23073,3071,3479,205,car,WEST,NORTH
23076,3129,3297,85,car,WEST,SOUTH
23079,3238,3442,103,car,EAST,SOUTH
23081,3359,3519,81,car,EAST,NORTH
23082,3713,3859,74,car,WEST,SOUTH
23083,3484,3714,116,car,EAST,SOUTH
23085,3705,4161,229,car,WEST,NORTH
23086,3779,4227,225,car,WEST,NORTH
23087,3825,3955,66,car,WEST,SOUTH
23095,4190,4354,83,car,EAST,SOUTH
23097,4293,4475,92,car,EAST,SOUTH
23103,4670,4804,68,car,EAST,NORTH
23104,4725,4911,94,car,EAST,SOUTH
23111,4986,5298,157,car,EAST,SOUTH
23113,5173,5531,180,car,WEST,NORTH
23122,5874,6170,149,car,EAST,SOUTH
23123,5972,6240,135,car,EAST,SOUTH
23124,6118,6320,102,car,EAST,SOUTH
23126,6172,6708,269,car,EAST,NORTH
23129,6365,6697,167,car,WEST,NORTH
23130,6273,6851,290,car,EAST,SOUTH
23132,6335,6909,288,car,EAST,SOUTH
23133,6375,6959,293,car,EAST,SOUTH
23142,6881,7155,138,car,WEST,NORTH
23145,7220,7400,91,car,EAST,SOUTH
23148,7849,8245,199,car,EAST,NORTH
23151,7876,8382,254,car,EAST,SOUTH
23158,8250,8484,118,car,EAST,SOUTH
23172,8969,9073,53,car,WEST,NORTH
23177,9200,9452,127,car,WEST,NORTH
23184,9226,9736,256,car,EAST,SOUTH
23187,9656,9844,95,car,WEST,NORTH
23194,9768,9940,87,car,WEST,SOUTH
23202,10304,10496,97,car,WEST,NORTH
23203,10389,10659,136,car,EAST,SOUTH
23204,10577,10739,82,car,WEST,NORTH
23206,10693,11775,542,car,WEST,NORTH
23209,10696,10928,117,car,EAST,NORTH
23215,10871,11245,188,car,EAST,SOUTH
23218,10972,11146,88,car,EAST,NORTH
23220,11169,11919,376,car,WEST,NORTH
23224,11158,11354,99,car,EAST,SOUTH
23230,11581,11997,209,car,EAST,SOUTH
23233,11780,12052,137,car,EAST,SOUTH
23238,12176,12406,116,car,EAST,SOUTH
23239,12280,12532,127,car,EAST,SOUTH
23245,12470,12830,181,car,EAST,SOUTH
23250,12717,12905,95,car,WEST,NORTH
23251,12832,13032,101,car,WEST,NORTH
23252,12976,13260,143,car,EAST,SOUTH
23254,13120,13292,87,car,WEST,NORTH
23270,13965,14183,110,car,WEST,NORTH
23271,13953,14193,121,car,EAST,SOUTH
23272,14005,14233,115,car,EAST,SOUTH
23276,14283,14391,55,car,WEST,NORTH
23278,14663,14875,107,car,WEST,NORTH
23279,14640,14768,65,car,EAST,SOUTH
23282,14946,16112,584,car,EAST,SOUTH
23283,14887,15081,98,car,EAST,SOUTH
23289,15312,15460,75,car,WEST,SOUTH
23295,15396,15544,75,car,WEST,SOUTH
23298,15466,15754,145,car,EAST,SOUTH
23299,15546,15862,159,car,EAST,SOUTH
23309,16246,16432,94,car,WEST,NORTH
23310,16355,16525,86,car,WEST,NORTH
23312,16592,16888,149,car,WEST,NORTH
23313,16544,16806,132,car,EAST,SOUTH
23314,16608,16880,137,car,EAST,SOUTH
23319,16686,16960,138,car,EAST,SOUTH
23320,16780,17052,137,car,EAST,SOUTH
23322,16906,17060,78,car,WEST,SOUTH
23324,16925,17127,102,car,EAST,SOUTH
23325,16979,17199,111,car,WEST,SOUTH
23326,16990,17200,106,car,EAST,SOUTH
23329,17284,17450,84,car,WEST,NORTH
23331,17274,17478,103,car,EAST,SOUTH
23340,17771,17919,75,car,WEST,SOUTH
23366,18900,19048,75,car,EAST,SOUTH
23370,19032,19186,78,car,EAST,SOUTH
23379,19601,19821,111,car,WEST,NORTH
23381,19662,19876,108,car,WEST,NORTH
23382,19738,19974,119,car,WEST,NORTH
23401,20680,20934,128,car,WEST,NORTH
23403,20597,20987,196,car,EAST,SOUTH
23407,20905,21087,92,car,EAST,SOUTH
23411,21071,21233,82,car,EAST,SOUTH
23422,21716,21920,103,car,WEST,NORTH
23424,21627,21821,98,car,EAST,SOUTH
23425,21777,21967,96,car,WEST,NORTH
23426,21689,21881,97,car,EAST,SOUTH
23438,22566,22922,179,car,EAST,SOUTH
23444,23243,23371,65,car,WEST,NORTH
23446,23485,23653,85,car,WEST,NORTH
23447,23595,23759,83,car,WEST,NORTH
23449,23641,23793,77,car,WEST,NORTH
23450,23689,23841,77,car,WEST,NORTH
23456,24339,24843,253,car,WEST,NORTH
23458,24401,24903,252,car,WEST,NORTH
23460,24443,24585,72,car,WEST,SOUTH
23464,24699,24965,134,car,WEST,NORTH
23467,24585,24853,135,car,EAST,SOUTH
23469,24644,24928,143,car,EAST,SOUTH
23470,24715,24991,139,car,EAST,SOUTH
23473,24902,25132,116,car,EAST,SOUTH
23480,25444,25624,91,car,WEST,NORTH
23481,25475,25641,84,car,EAST,SOUTH
23492,26379,26467,45,car,WEST,SOUTH
23494,26454,26586,67,car,WEST,SOUTH
23501,26917,27243,164,car,WEST,NORTH
23503,27010,27306,149,car,WEST,NORTH
23504,26992,27204,107,car,EAST,SOUTH
23505,27149,27317,85,car,EAST,NORTH
23508,27774,27918,73,car,EAST,SOUTH
23518,28322,28474,77,car,WEST,NORTH
23521,28375,28845,236,car,EAST,SOUTH
23522,28445,28901,229,car,EAST,SOUTH
23524,28558,28994,219,car,EAST,SOUTH
23535,29186,29442,129,car,WEST,NORTH
23537,29201,29497,149,car,EAST,SOUTH
23538,29364,29560,99,car,EAST,SOUTH
23546,30172,30308,69,car,WEST,NORTH
23547,30345,30529,93,car,EAST,NORTH
23550,30542,30700,80,car,EAST,SOUTH
23552,30812,30952,71,car,WEST,NORTH
23005,4,248,123,bicycle,WEST,SOUTH
23050,1966,2146,91,bicycle,WEST,SOUTH
23071,3007,3217,106,bicycle,WEST,NORTH
23105,4774,5070,149,bicycle,EAST,SOUTH
23149,7916,8136,111,bicycle,WEST,SOUTH
23159,8416,8770,178,bicycle,WEST,NORTH
23166,8792,9174,192,bicycle,WEST,NORTH
23181,9502,9738,119,bicycle,WEST,NORTH
23185,9551,9795,123,bicycle,WEST,NORTH
23200,10115,10427,157,bicycle,EAST,SOUTH
23212,10839,10943,53,bicycle,EAST,SOUTH
23213,10896,11498,302,bicycle,EAST,SOUTH
23214,10925,11109,93,bicycle,WEST,SOUTH
23226,11362,11830,235,bicycle,WEST,NORTH
23243,12540,12794,128,bicycle,WEST,NORTH
23316,16646,16928,142,bicycle,EAST,SOUTH
23332,17406,17670,133,bicycle,WEST,NORTH
23346,17999,18181,92,bicycle,WEST,SOUTH
23348,18074,18246,87,bicycle,EAST,NORTH
23349,18169,18349,91,bicycle,WEST,NORTH
23351,18118,18320,102,bicycle,EAST,SOUTH
23364,18631,18887,129,bicycle,WEST,NORTH
23373,19302,19480,90,bicycle,EAST,SOUTH
23380,19558,19832,138,bicycle,EAST,SOUTH
23384,19784,19980,99,bicycle,WEST,SOUTH
23386,19837,20185,175,bicycle,EAST,NORTH
23399,20546,20928,192,bicycle,EAST,NORTH
23416,21499,21873,188,bicycle,WEST,NORTH
23443,22770,22884,58,bicycle,EAST,NORTH
23454,24166,24438,137,bicycle,WEST,NORTH
23489,26446,26766,161,bicycle,WEST,NORTH
23490,26457,26801,173,bicycle,WEST,NORTH
23499,26719,27267,275,bicycle,WEST,NORTH
23510,28038,28280,122,bicycle,WEST,SOUTH
23527,29011,29405,198,bicycle,WEST,NORTH
23542,29711,29895,93,bicycle,EAST,SOUTH
23544,29965,30255,146,bicycle,EAST,SOUTH
23559,30982,31252,136,bicycle,WEST,NORTH
23560,30998,31268,136,bicycle,WEST,NORTH
23569,31312,31516,103,bicycle,WEST,SOUTH
23574,31370,31592,112,bicycle,EAST,SOUTH
23167,8714,8904,96,truck_bus,EAST,SOUTH
24024,144,330,94,car,WEST,NORTH
24030,353,565,107,car,EAST,SOUTH
24034,665,1219,278,car,WEST,NORTH
24043,1011,1409,200,car,EAST,SOUTH
24045,1090,1474,193,car,EAST,SOUTH
24046,1172,1524,177,car,EAST,SOUTH
24054,1482,1864,192,car,WEST,NORTH
24057,1583,1921,170,car,WEST,NORTH
24058,1558,1740,92,car,WEST,SOUTH
24060,1536,1790,128,car,EAST,SOUTH
24061,1628,1808,91,car,WEST,SOUTH
24074,2490,2674,93,car,WEST,NORTH
24077,2542,2704,82,car,EAST,SOUTH
24079,2682,2832,76,car,WEST,NORTH
24098,3757,3859,52,car,EAST,NORTH
24101,4148,4312,83,car,WEST,NORTH
24102,4249,4425,89,car,WEST,NORTH
24105,4330,4476,74,car,WEST,NORTH
24107,4411,4579,85,car,WEST,NORTH
24117,4966,5176,106,car,EAST,NORTH
24120,5234,5408,88,car,WEST,SOUTH
24121,5329,5637,155,car,WEST,NORTH
24130,5594,6340,374,car,WEST,NORTH
24159,6747,6853,54,car,EAST,NORTH
24164,7076,7208,67,car,WEST,SOUTH
24169,7296,7458,82,car,EAST,SOUTH
24170,7329,7613,143,car,EAST,SOUTH
24177,8023,8221,100,car,EAST,SOUTH
24182,8161,8313,77,car,EAST,SOUTH
24192,9044,9340,149,car,WEST,NORTH
24207,9687,9915,115,car,WEST,SOUTH
24213,9894,10066,87,car,EAST,SOUTH
24221,10585,10815,116,car,EAST,SOUTH
24224,10671,10913,122,car,EAST,SOUTH
24227,10740,10976,119,car,EAST,SOUTH
24230,10854,11034,91,car,EAST,NORTH
24231,10924,11166,122,car,EAST,SOUTH
24237,11109,11317,105,car,WEST,SOUTH
24238,11071,11231,81,car,EAST,SOUTH
24249,11812,12056,123,car,WEST,SOUTH
24250,11939,12135,99,car,WEST,SOUTH
24252,12071,12225,78,car,WEST,SOUTH
24257,12172,12354,92,car,WEST,SOUTH
24258,12239,12417,90,car,WEST,SOUTH
24269,12910,13098,95,car,EAST,NORTH
24277,13351,13559,105,car,EAST,SOUTH
24279,13453,13617,83,car,EAST,NORTH
24281,13580,13948,185,car,WEST,NORTH
24284,13601,13787,94,car,EAST,SOUTH
24290,13852,14026,88,car,EAST,SOUTH
24296,14367,14509,72,car,WEST,NORTH
24298,14418,14566,75,car,WEST,NORTH
24306,15091,15371,141,car,WEST,NORTH
24309,15162,15420,130,car,WEST,NORTH
24312,15261,15473,107,car,WEST,NORTH
24319,15661,15807,74,car,WEST,NORTH
24321,15959,16127,85,car,WEST,NORTH
24328,16287,16457,86,car,EAST,SOUTH
24332,16627,17253,314,car,WEST,SOUTH
24336,17031,17497,234,car,WEST,NORTH
24338,17086,17228,72,car,EAST,SOUTH
24352,17964,18144,91,car,EAST,SOUTH
24353,18022,18210,95,car,EAST,SOUTH
24358,18157,18261,53,car,EAST,SOUTH
24366,18935,19159,113,car,EAST,SOUTH
24373,19499,19771,137,car,WEST,NORTH
24377,19663,19963,151,car,EAST,SOUTH
24380,19822,20050,115,car,EAST,SOUTH
24383,19919,20113,98,car,EAST,SOUTH
24384,20077,20411,168,car,WEST,NORTH
24385,19998,20166,85,car,EAST,SOUTH
24391,20719,20923,103,car,EAST,SOUTH
24392,20868,21010,72,car,EAST,NORTH
24394,21056,21230,88,car,EAST,SOUTH
24396,21333,21489,79,car,WEST,SOUTH
24400,21587,21915,165,car,WEST,NORTH
24412,22580,22972,197,car,WEST,NORTH
24413,22549,22729,91,car,EAST,SOUTH
24414,22621,22881,131,car,WEST,SOUTH
24003,4,98,48,bicycle,EAST,NORTH
24028,420,636,109,bicycle,WEST,NORTH
24029,438,648,106,bicycle,WEST,NORTH
24036,1040,1282,122,bicycle,WEST,NORTH
24049,1336,1630,148,bicycle,EAST,SOUTH
24066,1974,2250,139,bicycle,WEST,NORTH
24082,2771,2953,92,bicycle,EAST,SOUTH
24118,5019,5215,99,bicycle,EAST,SOUTH
24148,5936,6074,70,bicycle,EAST,NORTH
24161,6918,7064,74,bicycle,EAST,SOUTH
24162,6995,7145,76,bicycle,EAST,SOUTH
24166,7205,7341,69,bicycle,WEST,SOUTH
24168,7263,7427,83,bicycle,EAST,SOUTH
24172,7693,7943,126,bicycle,WEST,NORTH
24174,7720,8074,178,bicycle,EAST,NORTH
24179,8162,8518,179,bicycle,EAST,SOUTH
24191,8739,9345,304,bicycle,EAST,NORTH
24195,8870,9360,246,bicycle,EAST,NORTH
24197,9092,9396,153,bicycle,WEST,NORTH
24200,9509,9737,115,bicycle,WEST,NORTH
24201,9511,9741,116,bicycle,WEST,NORTH
24202,9414,9784,186,bicycle,EAST,NORTH
24206,9690,10072,192,bicycle,WEST,NORTH
24218,10218,10442,113,bicycle,EAST,NORTH
24223,10699,10927,115,bicycle,WEST,SOUTH
24226,10810,10980,86,bicycle,WEST,NORTH
24270,12935,13135,101,bicycle,EAST,SOUTH
24299,14381,14583,102,bicycle,EAST,SOUTH
24303,14696,14856,81,bicycle,WEST,SOUTH
24310,15123,15325,102,bicycle,WEST,SOUTH
24311,15155,15361,104,bicycle,WEST,SOUTH
24325,16109,16297,95,bicycle,WEST,NORTH
24359,18374,18744,186,bicycle,WEST,NORTH
24365,18799,18957,80,bicycle,EAST,NORTH
24381,19881,20077,99,bicycle,EAST,SOUTH
24399,21478,21642,83,bicycle,WEST,SOUTH
24408,21972,22230,130,bicycle,EAST,NORTH
24415,22879,23193,158,bicycle,WEST,NORTH
25000,40,220,91,car,WEST,SOUTH
25003,4,264,131,car,WEST,NORTH
25007,4,280,139,car,EAST,NORTH
25008,4,364,181,car,EAST,SOUTH
25021,7,467,231,car,EAST,SOUTH
25023,117,457,171,car,EAST,NORTH
25027,319,703,193,car,EAST,SOUTH
25031,507,761,128,car,EAST,SOUTH
25036,600,846,124,car,EAST,SOUTH
25040,1028,1274,124,car,EAST,NORTH
25042,1133,1685,277,car,EAST,SOUTH
25047,1253,1763,256,car,EAST,SOUTH
25048,1308,1684,189,car,EAST,NORTH
25049,1349,1819,236,car,EAST,SOUTH
25053,1781,2205,213,car,EAST,NORTH
25057,2017,2285,135,car,EAST,SOUTH
25061,2439,2647,105,car,EAST,SOUTH
25066,2672,2956,143,car,WEST,NORTH
25068,2803,3035,117,car,WEST,NORTH
25070,2882,3224,172,car,WEST,NORTH
25073,3004,3300,149,car,WEST,NORTH
25075,2941,3165,113,car,WEST,SOUTH
25079,3043,3277,118,car,EAST,SOUTH
25082,3194,3398,103,car,EAST,SOUTH
25087,3491,3725,118,car,EAST,SOUTH
25092,3726,3992,134,car,EAST,SOUTH
25099,4120,4340,111,car,EAST,SOUTH
25103,4427,4545,60,car,WEST,SOUTH
25104,4495,4607,57,car,WEST,SOUTH
25105,4566,4770,103,car,WEST,SOUTH
25106,4606,4832,114,car,EAST,NORTH
25108,4705,4943,120,car,EAST,SOUTH
25110,4916,5132,109,car,EAST,SOUTH
25112,5115,5335,111,car,WEST,SOUTH
25119,5819,5997,90,car,WEST,NORTH
25121,5929,6119,96,car,WEST,NORTH
25122,5859,6105,124,car,EAST,SOUTH
25124,5978,6168,96,car,EAST,SOUTH
25125,5980,6216,119,car,EAST,SOUTH
25127,6057,6277,111,car,EAST,SOUTH
25129,6230,6388,80,car,EAST,SOUTH
25133,6457,6669,107,car,WEST,SOUTH
25134,6438,6624,94,car,EAST,SOUTH
25137,6686,6816,66,car,EAST,NORTH
25138,6983,7185,102,car,WEST,NORTH
25144,7197,7427,116,car,WEST,SOUTH
25145,7216,7452,119,car,EAST,SOUTH
25147,7465,7605,71,car,WEST,SOUTH
25163,8686,8858,87,car,EAST,NORTH
25164,9036,9276,121,car,EAST,NORTH
25175,9523,9871,175,car,WEST,NORTH
25176,9740,10032,147,car,WEST,NORTH
25177,9521,9693,87,car,WEST,SOUTH
25179,9599,9889,146,car,EAST,SOUTH
25180,9981,10301,161,car,WEST,NORTH
25182,9772,10148,189,car,EAST,SOUTH
25190,10305,10485,91,car,EAST,SOUTH
25192,10538,10772,118,car,EAST,SOUTH
25194,10596,10836,121,car,EAST,SOUTH
25197,10911,11167,129,car,WEST,NORTH
25199,10954,11188,118,car,EAST,SOUTH
25200,11028,11204,89,car,EAST,NORTH
25203,11074,11284,106,car,EAST,SOUTH
25208,11188,11428,121,car,EAST,SOUTH
25210,11250,11638,195,car,EAST,SOUTH
25212,11370,11606,119,car,WEST,SOUTH
25213,11325,11717,197,car,EAST,SOUTH
25214,11376,11766,196,car,EAST,SOUTH
25216,11549,11727,90,car,WEST,SOUTH
25226,12168,12350,92,car,WEST,SOUTH
25231,12231,12433,102,car,EAST,NORTH
25236,12677,12889,107,car,EAST,SOUTH
25237,12727,13093,184,car,EAST,SOUTH
25239,12819,12991,87,car,EAST,NORTH
25242,13256,13516,131,car,EAST,SOUTH
25247,13537,13727,96,car,EAST,NORTH
25257,14217,14397,91,car,WEST,NORTH
25262,14593,14755,82,car,WEST,NORTH
25265,14986,15564,290,car,WEST,NORTH
25267,14963,15211,125,car,EAST,SOUTH
25269,15179,15535,179,car,WEST,NORTH
25289,16107,16251,73,car,WEST,SOUTH
25297,16470,16822,177,car,EAST,SOUTH
25303,16860,17048,95,car,EAST,NORTH
25304,16946,17136,96,car,EAST,NORTH
25305,17046,17272,114,car,EAST,SOUTH
25308,17152,17440,145,car,EAST,NORTH
25310,17220,17540,161,car,EAST,SOUTH
25317,17634,17820,94,car,EAST,SOUTH
25322,17962,18218,129,car,EAST,SOUTH
25324,18086,18276,96,car,EAST,SOUTH
25329,18221,18353,67,car,EAST,NORTH
25336,18763,18903,71,car,WEST,NORTH
25338,19180,19404,113,car,WEST,NORTH
25340,18824,19016,97,car,EAST,SOUTH
25343,19314,19588,138,car,WEST,NORTH
25344,19204,19400,99,car,EAST,SOUTH
25347,19301,19539,120,car,EAST,SOUTH
25353,19755,19941,94,car,EAST,SOUTH
25355,19860,20062,102,car,EAST,SOUTH
25356,19917,20115,100,car,EAST,SOUTH
25361,20533,20737,103,car,WEST,SOUTH
25362,20482,20696,108,car,EAST,SOUTH
25372,20998,21364,184,car,EAST,SOUTH
25379,21518,21748,116,car,EAST,SOUTH
25380,21565,21769,103,car,EAST,NORTH
25384,21752,22060,155,car,EAST,SOUTH
25385,21791,22003,107,car,EAST,NORTH
25386,21889,22139,126,car,EAST,SOUTH
25398,22382,22576,98,car,EAST,SOUTH
25404,22929,23127,100,car,EAST,NORTH
25423,24097,24317,111,car,WEST,NORTH
25426,24171,24381,106,car,WEST,NORTH
25431,24379,24713,168,car,EAST,SOUTH
25434,24685,25079,198,car,EAST,SOUTH
25436,24995,25237,122,car,WEST,SOUTH
25437,24851,25129,140,car,EAST,SOUTH
25453,25591,25971,191,car,EAST,SOUTH
25454,25630,25878,125,car,WEST,SOUTH
25456,25678,26026,175,car,EAST,SOUTH
25459,25967,26239,137,car,WEST,NORTH
25463,26350,26504,78,car,WEST,NORTH
25464,26507,26723,109,car,WEST,NORTH
25466,26526,26820,148,car,EAST,SOUTH
25467,26636,26882,124,car,EAST,SOUTH
25473,27050,27256,104,car,EAST,SOUTH
25476,27163,27347,93,car,WEST,SOUTH
25478,27160,27392,117,car,EAST,NORTH
25503,28757,29165,205,car,EAST,SOUTH
25505,28835,29217,192,car,EAST,SOUTH
25506,29059,29415,179,car,WEST,NORTH
25508,29283,29571,145,car,WEST,NORTH
25509,29353,29627,138,car,WEST,NORTH
25514,29571,29817,124,car,WEST,NORTH
25517,29651,29811,81,car,WEST,NORTH
25519,29844,30102,130,car,EAST,SOUTH
25526,30417,30825,205,car,WEST,NORTH
25528,30432,30736,153,car,EAST,SOUTH
25529,30528,30792,133,car,EAST,NORTH
25532,30587,30889,152,car,EAST,SOUTH
25535,30841,31059,110,car,EAST,NORTH
25536,31006,31190,93,car,EAST,NORTH
25537,31015,31133,60,car,EAST,SOUTH
25026,222,494,137,bicycle,EAST,NORTH
25028,494,724,116,bicycle,WEST,SOUTH
25029,593,2167,788,bicycle,WEST,NORTH
25050,2035,2235,101,bicycle,WEST,NORTH
25109,4769,5001,117,bicycle,EAST,SOUTH
25130,6339,6537,100,bicycle,WEST,NORTH
25135,6521,6755,118,bicycle,EAST,SOUTH
25142,7123,7405,142,bicycle,EAST,NORTH
25150,7684,7848,83,bicycle,WEST,NORTH
25151,7743,7967,113,bicycle,EAST,SOUTH
25219,11987,12185,100,bicycle,WEST,NORTH
25223,12059,12261,102,bicycle,WEST,SOUTH
25234,12500,12680,91,bicycle,WEST,NORTH
25244,13363,13637,138,bicycle,WEST,NORTH
25251,13736,14100,183,bicycle,EAST,SOUTH
25254,13819,14235,209,bicycle,EAST,NORTH
25256,13855,14193,170,bicycle,EAST,NORTH
25264,14829,15013,93,bicycle,EAST,SOUTH
25277,15573,15701,65,bicycle,EAST,SOUTH
25281,15695,15873,90,bicycle,EAST,SOUTH
25307,17106,17316,106,bicycle,EAST,SOUTH
25333,18381,18523,72,bicycle,EAST,SOUTH
25341,19032,19214,92,bicycle,EAST,SOUTH
25357,20123,20381,130,bicycle,EAST,NORTH
25363,20645,20801,79,bicycle,EAST,SOUTH
2536800,20766,20938,178,bicycle,EAST,NORTH
2536801,21174,21306,138,bicycle,WEST,SOUTH
25383,21682,21846,83,bicycle,EAST,SOUTH
25387,21977,22337,181,bicycle,WEST,NORTH
25390,22083,22409,164,bicycle,WEST,NORTH
25391,22106,22452,174,bicycle,WEST,NORTH
25392,22125,22467,172,bicycle,WEST,NORTH
25397,22335,22421,44,bicycle,WEST,NORTH
25399,22567,22737,86,bicycle,EAST,SOUTH
25402,22931,23141,106,bicycle,WEST,NORTH
25408,23239,23411,87,bicycle,WEST,SOUTH
25411,23493,23803,156,bicycle,WEST,NORTH
25427,24144,24380,119,bicycle,EAST,SOUTH
25458,25831,25981,76,bicycle,EAST,SOUTH
25507,29033,29209,89,bicycle,EAST,NORTH
25525,30277,30421,73,bicycle,EAST,NORTH
25403,22854,23048,98,truck_bus,EAST,SOUTH
25435,24734,25012,140,truck_bus,WEST,SOUTH
25447,25269,25415,74,truck_bus,WEST,SOUTH
25494,28235,28315,41,truck_bus,WEST,NORTH
26000,4,254,126,car,WEST,NORTH
26004,1892,2456,283,car,WEST,NORTH
26028,221,581,181,car,WEST,NORTH
26029,179,475,149,car,EAST,SOUTH
26030,330,644,158,car,WEST,NORTH
26031,505,5869,2683,car,WEST,NORTH
26034,943,1169,114,car,EAST,SOUTH
26035,995,1221,114,car,EAST,SOUTH
26036,1077,1271,98,car,WEST,NORTH
26037,1080,1304,113,car,EAST,SOUTH
26041,1421,1827,204,car,WEST,NORTH
26042,1490,1878,195,car,WEST,NORTH
26046,1529,1637,55,car,EAST,SOUTH
26049,1942,2220,140,car,EAST,SOUTH
26052,2106,2318,107,car,EAST,SOUTH
26053,2191,2503,157,car,WEST,NORTH
26054,2183,2389,104,car,EAST,SOUTH
26062,2477,2711,118,car,WEST,NORTH
26065,2487,2703,109,car,EAST,NORTH
26066,2535,2749,108,car,EAST,NORTH
26071,2901,3091,96,car,EAST,SOUTH
26081,3698,3856,80,car,WEST,SOUTH
26082,3451,3629,90,car,EAST,SOUTH
26084,3518,3712,98,car,EAST,SOUTH
26095,4116,4320,103,car,EAST,SOUTH
26097,4257,4393,69,car,WEST,SOUTH
26102,4386,4688,152,car,EAST,NORTH
26121,5326,5578,127,car,EAST,SOUTH
26124,5395,5643,125,car,EAST,SOUTH
26126,5680,5850,86,car,WEST,NORTH
26128,5692,5966,138,car,EAST,SOUTH
26133,6030,6238,105,car,WEST,SOUTH
26134,6003,6261,130,car,EAST,SOUTH
26142,6314,6520,104,car,EAST,SOUTH
26152,6567,6849,142,car,EAST,SOUTH
26154,6788,7008,111,car,WEST,SOUTH
26160,6929,7103,88,car,EAST,NORTH
26166,7248,7408,81,car,WEST,NORTH
26173,7796,8082,144,car,EAST,NORTH
26174,7823,8003,91,car,EAST,NORTH
26176,7880,8126,124,car,EAST,SOUTH
26177,8051,8191,71,car,WEST,SOUTH
26182,8246,8408,82,car,EAST,SOUTH
26185,8401,8557,79,car,EAST,NORTH
26188,8718,8862,73,car,WEST,SOUTH
26198,9219,9315,49,car,WEST,NORTH
26201,9496,9630,68,car,EAST,SOUTH
26202,9556,9710,78,car,EAST,SOUTH
26206,10103,10243,71,car,WEST,NORTH
26207,10162,10746,293,car,EAST,SOUTH
26208,10175,10675,251,car,EAST,SOUTH
26212,10571,10725,78,car,WEST,NORTH
26214,10372,10570,100,car,EAST,NORTH
26217,10695,10935,121,car,WEST,SOUTH
26232,11700,11888,95,car,EAST,SOUTH
26235,11785,11971,94,car,EAST,SOUTH
26238,12018,12190,87,car,EAST,SOUTH
26239,12085,12265,91,car,EAST,SOUTH
26242,12315,12477,82,car,EAST,SOUTH
26247,12823,12967,73,car,WEST,SOUTH
26253,13263,13401,70,car,WEST,SOUTH
26263,13928,14254,164,car,WEST,NORTH
26273,14304,14456,77,car,WEST,NORTH
26275,14193,14409,109,car,EAST,SOUTH
26276,14413,14615,102,car,WEST,NORTH
26280,14323,14523,101,car,EAST,SOUTH
26290,14915,15169,128,car,WEST,NORTH
26302,16009,16195,94,car,EAST,NORTH
26304,16055,16249,98,car,EAST,SOUTH
26306,16192,16452,131,car,EAST,SOUTH
26307,16252,16526,138,car,EAST,SOUTH
26308,16312,16582,136,car,EAST,SOUTH
26313,16804,16964,81,car,EAST,SOUTH
26314,16892,17030,70,car,EAST,SOUTH
26316,17218,17390,87,car,EAST,NORTH
26317,17254,17456,102,car,EAST,SOUTH
26321,17517,17707,96,car,EAST,SOUTH
26332,19720,19840,61,car,WEST,NORTH
26342,18655,19039,193,car,EAST,SOUTH
26343,19032,19142,56,car,WEST,NORTH
26345,19117,19233,59,car,WEST,NORTH
26346,18915,19069,78,car,WEST,SOUTH
26349,19170,19318,75,car,WEST,NORTH
26354,19571,19727,79,car,WEST,NORTH
26356,19850,20032,92,car,WEST,SOUTH
26357,19877,20099,112,car,WEST,NORTH
26358,19930,20148,110,car,WEST,NORTH
26367,20420,20770,176,car,EAST,SOUTH
26374,20583,20957,188,car,WEST,NORTH
26375,20520,20686,84,car,EAST,SOUTH
26380,21383,21983,301,car,WEST,NORTH
26394,22020,22272,127,car,EAST,SOUTH
26400,22380,22604,113,car,WEST,NORTH
26405,22510,22704,98,car,EAST,SOUTH
26406,22713,22865,77,car,WEST,NORTH
26407,22903,23113,106,car,WEST,NORTH
26408,22950,23166,109,car,WEST,NORTH
26412,23385,23589,103,car,WEST,NORTH
26431,24739,24943,103,car,EAST,SOUTH
26442,25094,25296,102,car,EAST,SOUTH
26445,25166,25362,99,car,EAST,SOUTH
26456,26198,26696,250,car,WEST,NORTH
26460,26225,26317,47,car,EAST,NORTH
26462,26238,26836,300,car,EAST,SOUTH
26463,26613,26813,101,car,WEST,NORTH
26464,26829,27003,88,car,EAST,SOUTH
26465,26860,27082,112,car,EAST,SOUTH
26467,26920,27142,112,car,EAST,SOUTH
26469,27128,27298,86,car,WEST,NORTH
26471,27187,27649,232,car,WEST,NORTH
26474,27335,27689,178,car,EAST,SOUTH
26478,28290,28610,161,car,EAST,SOUTH
26487,28933,29119,94,car,EAST,SOUTH
26494,29328,29748,211,car,WEST,NORTH
26497,29445,29807,182,car,WEST,NORTH
26499,29374,29604,116,car,EAST,SOUTH
26514,30756,30966,106,car,WEST,NORTH
26515,30758,31062,153,car,EAST,SOUTH
26516,30942,31178,119,car,WEST,NORTH
26517,30851,31007,79,car,EAST,NORTH
26520,31022,31226,103,car,EAST,SOUTH
26523,31191,31325,68,car,WEST,NORTH
26528,31223,31493,136,car,EAST,SOUTH
26529,31297,31555,130,car,EAST,SOUTH
26532,31675,31993,160,car,EAST,SOUTH
26533,31776,31988,107,car,WEST,NORTH
26534,31729,32075,174,car,EAST,SOUTH
26537,31814,32044,116,car,EAST,NORTH
26538,31954,32194,121,car,EAST,SOUTH
26539,32025,32249,113,car,EAST,SOUTH
26544,32229,32477,125,car,EAST,SOUTH
26006,4,126,62,bicycle,WEST,NORTH
26027,235,473,120,bicycle,WEST,SOUTH
26055,2275,2629,178,bicycle,WEST,SOUTH
26058,2283,2503,111,bicycle,EAST,NORTH
26096,4211,4337,64,bicycle,WEST,SOUTH
26107,4627,4815,95,bicycle,EAST,SOUTH
26122,5568,5854,144,bicycle,WEST,NORTH
26146,6518,6790,137,bicycle,WEST,NORTH
26148,6576,6952,189,bicycle,EAST,SOUTH
26187,8518,8706,95,bicycle,EAST,NORTH
26191,8873,9005,67,bicycle,WEST,SOUTH
26196,9001,9191,96,bicycle,EAST,NORTH
26197,9016,9172,79,bicycle,EAST,SOUTH
26204,9996,10222,114,bicycle,WEST,NORTH
26211,10411,10791,191,bicycle,WEST,NORTH
26213,10290,10506,109,bicycle,EAST,NORTH
26222,11076,11240,83,bicycle,WEST,NORTH
26233,11890,12112,112,bicycle,WEST,NORTH
26236,11865,11985,61,bicycle,EAST,SOUTH
26241,12341,12561,111,bicycle,WEST,NORTH
26251,13085,13433,175,bicycle,WEST,NORTH
26264,14083,14323,121,bicycle,WEST,NORTH
26266,14116,14344,115,bicycle,WEST,NORTH
26305,16098,16224,64,bicycle,EAST,SOUTH
26311,16714,16974,131,bicycle,WEST,NORTH
26351,19270,19492,112,bicycle,WEST,NORTH
26364,20195,20335,71,bicycle,WEST,NORTH
26368,20409,20591,92,bicycle,WEST,NORTH
26384,21559,21865,154,bicycle,WEST,NORTH
26385,21570,21820,126,bicycle,WEST,NORTH
26401,22493,22845,177,bicycle,WEST,NORTH
26404,22517,22813,149,bicycle,WEST,NORTH
26418,23739,24395,329,bicycle,WEST,NORTH
26424,24312,24542,116,bicycle,WEST,NORTH
26425,24332,24554,112,bicycle,WEST,NORTH
26452,26068,26608,271,bicycle,WEST,NORTH
26470,27156,27768,307,bicycle,EAST,SOUTH
26477,28371,28509,70,bicycle,WEST,SOUTH
26484,28824,28940,59,bicycle,WEST,SOUTH
26493,29266,29358,47,bicycle,EAST,SOUTH
26530,31434,31686,127,bicycle,WEST,NORTH
26531,31603,31737,68,bicycle,WEST,SOUTH
27002,120,490,186,car,WEST,NORTH
27006,4,452,225,car,WEST,NORTH
27037,817,1115,150,car,WEST,SOUTH
27039,861,1175,158,car,WEST,NORTH
27040,780,1040,131,car,EAST,NORTH
27042,858,1138,141,car,EAST,SOUTH
27049,1262,1590,165,car,EAST,SOUTH
27056,1661,2301,321,car,WEST,NORTH
27064,2006,2182,89,car,WEST,SOUTH
27065,1930,2098,85,car,EAST,NORTH
27067,2087,2251,83,car,WEST,SOUTH
27087,3277,3453,89,car,EAST,SOUTH
27090,3516,3668,77,car,EAST,NORTH
27092,3649,3769,61,car,EAST,NORTH
27095,3862,4040,90,car,WEST,NORTH
27103,4285,4429,73,car,WEST,NORTH
27106,4408,4710,152,car,WEST,NORTH
27116,5145,5503,180,car,EAST,SOUTH
27118,5271,5559,145,car,EAST,SOUTH
27127,5466,5828,182,car,EAST,SOUTH
27129,5791,6057,134,car,WEST,NORTH
27131,6012,6234,112,car,WEST,NORTH
27132,6091,6281,96,car,WEST,NORTH
27150,7040,7268,115,car,WEST,NORTH
27154,7219,7589,186,car,WEST,NORTH
27160,7336,7626,146,car,EAST,SOUTH
27163,7832,8332,251,car,WEST,NORTH
27164,7743,8081,170,car,EAST,SOUTH
27168,8129,8323,98,car,EAST,SOUTH
27171,8380,8582,102,car,WEST,NORTH
27174,8434,8610,89,car,EAST,NORTH
27177,8598,8814,109,car,EAST,SOUTH
27178,8662,8848,94,car,EAST,NORTH
27180,8803,9173,186,car,WEST,SOUTH
27182,8783,8949,84,car,EAST,SOUTH
27183,9062,9256,98,car,WEST,SOUTH
27186,8972,9120,75,car,EAST,SOUTH
27195,9377,9595,110,car,EAST,NORTH
27200,9861,10085,113,car,EAST,SOUTH
27201,10037,10217,91,car,WEST,NORTH
27202,9950,10150,101,car,EAST,SOUTH
27203,10104,10274,86,car,WEST,NORTH
27205,10111,10293,92,car,EAST,SOUTH
27207,10217,10413,99,car,WEST,NORTH
27214,10735,11227,247,car,WEST,NORTH
27218,10806,10986,91,car,EAST,SOUTH
27219,10954,11138,93,car,WEST,SOUTH
27222,11049,11269,111,car,EAST,SOUTH
27230,11558,11768,106,car,EAST,SOUTH
27236,11984,12118,68,car,EAST,SOUTH
27238,12149,12283,68,car,EAST,SOUTH
27239,12289,12427,70,car,WEST,SOUTH
27240,12246,12374,65,car,EAST,SOUTH
27244,12591,12761,86,car,EAST,SOUTH
27251,13256,13476,111,car,EAST,SOUTH
27253,13316,13524,105,car,EAST,SOUTH
27254,13357,13579,112,car,EAST,SOUTH
27264,14048,14204,79,car,EAST,SOUTH
27266,14347,14615,135,car,WEST,NORTH
27272,14508,14760,127,car,EAST,SOUTH
27277,14717,14877,81,car,EAST,SOUTH
27280,14927,15181,128,car,WEST,NORTH
27283,15030,15206,89,car,EAST,SOUTH
27285,15170,15368,100,car,EAST,SOUTH
27289,15454,15784,166,car,EAST,SOUTH
27293,15780,16066,144,car,EAST,SOUTH
27296,15825,16123,150,car,EAST,SOUTH
27300,15933,16295,182,car,EAST,NORTH
27303,16190,16396,104,car,EAST,SOUTH
27306,16293,16481,95,car,EAST,SOUTH
27309,16471,16713,122,car,EAST,SOUTH
27314,16700,17030,166,car,WEST,NORTH
27317,16802,17170,185,car,WEST,NORTH
27323,16877,17309,217,car,EAST,SOUTH
27325,17056,17160,53,car,WEST,NORTH
27326,17196,17602,204,car,WEST,NORTH
27334,17663,17971,155,car,WEST,NORTH
27349,18228,18820,297,car,WEST,NORTH
27350,18450,18770,161,car,WEST,SOUTH
27352,18472,18684,107,car,EAST,SOUTH
27357,18934,19124,96,car,EAST,SOUTH
27358,18992,19176,93,car,EAST,SOUTH
27362,19260,19686,214,car,EAST,SOUTH
27386,20943,21141,100,car,WEST,NORTH
27394,21250,21436,94,car,WEST,SOUTH
27396,21199,21557,180,car,EAST,SOUTH
27401,21626,21784,80,car,EAST,SOUTH
27403,21743,21915,87,car,EAST,NORTH
27404,21958,22160,102,car,EAST,SOUTH
27409,22321,22483,82,car,WEST,SOUTH
27412,22392,22544,77,car,WEST,SOUTH
27419,22767,22915,75,car,WEST,SOUTH
27432,23311,23649,170,car,EAST,SOUTH
27435,23447,23753,154,car,EAST,SOUTH
27441,23791,24051,131,car,EAST,SOUTH
27444,23830,24222,197,car,EAST,SOUTH
27450,24144,24398,128,car,EAST,SOUTH
27453,24260,24530,136,car,EAST,SOUTH
27454,24311,24581,136,car,EAST,SOUTH
27455,24375,24783,205,car,EAST,SOUTH
27458,24524,24662,70,car,EAST,SOUTH
27464,24986,25214,115,car,EAST,SOUTH
27474,25564,25878,158,car,WEST,NORTH
27475,25502,25930,215,car,EAST,NORTH
27477,25565,26045,241,car,EAST,SOUTH
27478,25701,25937,119,car,WEST,NORTH
27482,25865,26119,128,car,EAST,SOUTH
27485,25981,26185,103,car,EAST,SOUTH
27491,26350,26504,78,car,EAST,NORTH
27493,26779,26999,111,car,WEST,NORTH
27495,26453,26605,77,car,EAST,SOUTH
27499,26549,26741,97,car,EAST,NORTH
27500,26590,26786,99,car,EAST,SOUTH
27505,27041,27391,176,car,WEST,NORTH
27506,27015,27157,72,car,WEST,SOUTH
27516,27940,28110,86,car,EAST,SOUTH
27520,28098,28298,101,car,EAST,SOUTH
27522,28619,28781,82,car,WEST,NORTH
27526,28912,29094,92,car,WEST,SOUTH
27531,29252,29476,113,car,EAST,SOUTH
27533,29433,29577,73,car,WEST,SOUTH
27543,29697,29999,152,car,WEST,NORTH
27550,30049,30307,130,car,EAST,SOUTH
27553,30595,30787,97,car,EAST,SOUTH
27555,30661,30881,111,car,EAST,SOUTH
27563,31186,31450,133,car,EAST,SOUTH
27569,31904,32344,221,car,EAST,SOUTH
27579,32212,32562,176,car,EAST,SOUTH
27581,32282,32852,286,car,EAST,SOUTH
27587,32541,32901,181,car,WEST,NORTH
27593,33060,33202,72,car,EAST,SOUTH
27029,130,316,94,bicycle,WEST,SOUTH
27030,186,662,239,bicycle,WEST,NORTH
27035,737,985,125,bicycle,WEST,SOUTH
27051,1344,1616,137,bicycle,EAST,SOUTH
27070,2376,2626,126,bicycle,WEST,SOUTH
27074,2661,2805,73,bicycle,WEST,SOUTH
27079,3044,3404,181,bicycle,WEST,NORTH
27081,3072,3414,172,bicycle,WEST,NORTH
27085,3216,3494,140,bicycle,WEST,NORTH
27088,3489,3629,71,bicycle,WEST,NORTH
27108,4524,4670,74,bicycle,WEST,SOUTH
27121,5420,5598,90,bicycle,WEST,NORTH
27122,5468,5632,83,bicycle,WEST,NORTH
27157,7310,7672,182,bicycle,EAST,SOUTH
27176,8617,8873,129,bicycle,WEST,NORTH
27192,9389,9537,75,bicycle,WEST,SOUTH
27225,11203,11365,82,bicycle,EAST,NORTH
27228,11540,11694,78,bicycle,WEST,SOUTH
27260,13910,14084,88,bicycle,WEST,SOUTH
27261,13996,14170,88,bicycle,WEST,SOUTH
27270,14447,14601,78,bicycle,EAST,NORTH
27278,14873,15105,117,bicycle,WEST,NORTH
27287,15475,15803,165,bicycle,WEST,NORTH
27311,16642,16972,166,bicycle,WEST,NORTH
27341,17972,18152,91,bicycle,WEST,NORTH
27345,18169,18457,145,bicycle,WEST,NORTH
27351,18451,18959,255,bicycle,WEST,NORTH
27353,18530,18740,106,bicycle,EAST,SOUTH
27382,20827,21329,252,bicycle,WEST,NORTH
27399,21528,21872,173,bicycle,WEST,NORTH
27405,22091,22281,96,bicycle,WEST,NORTH
27411,22394,22672,140,bicycle,WEST,NORTH
27427,23159,23433,138,bicycle,WEST,SOUTH
27437,23622,23856,118,bicycle,WEST,NORTH
27440,23886,24110,113,bicycle,WEST,NORTH
27451,24165,24379,108,bicycle,EAST,NORTH
27462,25024,25272,125,bicycle,WEST,NORTH
27466,25208,25348,71,bicycle,WEST,SOUTH
27472,25517,25971,228,bicycle,WEST,SOUTH
27494,26533,26837,153,bicycle,EAST,SOUTH
27497,26562,27014,227,bicycle,EAST,SOUTH
27510,27328,27450,62,bicycle,WEST,SOUTH
27518,28034,28192,80,bicycle,EAST,NORTH
27519,28196,28382,94,bicycle,WEST,NORTH
27521,28271,28483,107,bicycle,WEST,NORTH
27529,29204,29346,72,bicycle,EAST,NORTH
27547,29908,30330,212,bicycle,WEST,NORTH
27556,30852,31098,124,bicycle,WEST,NORTH
27557,30878,31116,120,bicycle,WEST,NORTH
27562,31258,31486,115,bicycle,WEST,NORTH
27583,32364,32674,156,bicycle,EAST,NORTH
27585,32487,32709,112,bicycle,WEST,NORTH
27590,32774,33002,115,bicycle,WEST,NORTH
27591,32723,32795,37,bicycle,WEST,NORTH
27592,33046,33202,79,bicycle,WEST,NORTH
27568,31793,31943,76,truck_bus,EAST,SOUTH
28025,139,507,185,car,WEST,NORTH
28044,859,991,67,car,WEST,NORTH
28051,1455,1615,81,car,WEST,NORTH
28052,1386,1740,178,car,EAST,NORTH
28054,1437,1789,177,car,EAST,NORTH
28064,2365,2653,145,car,WEST,SOUTH
28066,2585,2723,70,car,EAST,SOUTH
28069,2741,2981,121,car,EAST,SOUTH
28071,2933,3101,85,car,WEST,NORTH
28077,3242,3584,172,car,WEST,NORTH
28079,3361,3583,112,car,EAST,NORTH
28084,3710,3912,102,car,EAST,SOUTH
28086,3896,4138,122,car,WEST,NORTH
28092,4397,4773,189,car,EAST,SOUTH
28096,4649,4871,112,car,EAST,SOUTH
28104,5159,5309,76,car,WEST,NORTH
28105,5227,5543,159,car,WEST,NORTH
28108,5399,5689,146,car,WEST,NORTH
28109,5782,5970,95,car,WEST,NORTH
28110,5734,5974,121,car,EAST,NORTH
28118,6398,6570,87,car,EAST,SOUTH
28119,6458,6648,96,car,EAST,SOUTH
28128,6913,7033,61,car,EAST,SOUTH
28129,6984,7122,70,car,EAST,SOUTH
28131,7064,7274,106,car,EAST,SOUTH
28133,7134,7346,107,car,EAST,SOUTH
28136,7261,7419,80,car,EAST,NORTH
28138,7343,7655,157,car,EAST,SOUTH
28141,7414,7708,148,car,EAST,SOUTH
28147,7805,7993,95,car,EAST,NORTH
28148,7864,8212,175,car,EAST,SOUTH
28152,8151,8371,111,car,WEST,NORTH
28154,8133,8335,102,car,EAST,SOUTH
28158,8400,8524,63,car,EAST,SOUTH
28159,8458,8628,86,car,EAST,SOUTH
28161,8537,8737,101,car,EAST,SOUTH
28162,8720,8906,94,car,WEST,SOUTH
28167,8738,9062,163,car,EAST,SOUTH
28170,8839,9201,182,car,EAST,SOUTH
28177,9081,9327,124,car,EAST,SOUTH
28195,10297,10541,123,car,WEST,NORTH
28198,10353,10555,102,car,EAST,SOUTH
28199,10483,10789,154,car,WEST,NORTH
28203,10659,10857,100,car,WEST,NORTH
28214,11342,11502,81,car,EAST,NORTH
28215,11404,11552,75,car,EAST,SOUTH
28221,11845,11991,74,car,EAST,SOUTH
28237,13096,13296,101,car,WEST,SOUTH
28238,13193,13377,93,car,WEST,SOUTH
28239,13302,13564,132,car,EAST,NORTH
28247,13880,14080,101,car,EAST,SOUTH
28250,13958,14268,156,car,EAST,SOUTH
28253,14081,14311,116,car,EAST,NORTH
28254,14304,14536,117,car,WEST,NORTH
28259,14607,14779,87,car,WEST,SOUTH
28263,14822,15016,98,car,EAST,SOUTH
28265,15095,15293,100,car,WEST,SOUTH
28266,14915,15117,102,car,EAST,SOUTH
28269,15163,15477,158,car,EAST,SOUTH
28286,16232,16464,117,car,EAST,SOUTH
28293,16539,16725,94,car,EAST,SOUTH
28295,16897,17063,84,car,WEST,NORTH
28296,17186,17368,92,car,WEST,NORTH
28302,17533,17701,85,car,WEST,SOUTH
28305,17653,17829,89,car,WEST,SOUTH
28306,17674,17904,116,car,WEST,NORTH
28307,17764,18012,125,car,WEST,NORTH
28317,18391,18573,92,car,WEST,NORTH
28325,18752,18956,103,car,EAST,NORTH
28326,18955,19093,70,car,WEST,NORTH
28327,19009,19941,467,car,WEST,NORTH
28331,19101,19279,90,car,EAST,SOUTH
28356,20332,20696,183,car,WEST,SOUTH
28357,20315,20515,101,car,WEST,NORTH
28360,20806,20950,73,car,WEST,NORTH
28361,20834,21040,104,car,WEST,NORTH
28363,21004,21162,80,car,WEST,NORTH
28372,21636,21832,99,car,EAST,SOUTH
28373,21738,21928,96,car,EAST,SOUTH
28377,22091,22259,85,car,EAST,SOUTH
28378,22338,22506,85,car,WEST,NORTH
28392,22717,23131,208,car,EAST,SOUTH
28393,23443,23743,151,car,WEST,NORTH
28404,23470,23644,88,car,EAST,SOUTH
28408,23937,24193,129,car,EAST,SOUTH
28409,24055,24371,159,car,EAST,SOUTH
28411,24138,24350,107,car,WEST,SOUTH
28412,24251,24609,180,car,WEST,NORTH
28413,24118,24422,153,car,EAST,SOUTH
28416,24412,24738,164,car,WEST,NORTH
28417,24256,24786,266,car,EAST,NORTH
28420,24388,24562,88,car,WEST,NORTH
28437,25564,25750,94,car,EAST,SOUTH
28438,25626,25958,167,car,EAST,NORTH
28440,25755,25971,109,car,WEST,NORTH
28445,25795,26419,313,car,EAST,SOUTH
28446,25960,26194,118,car,WEST,NORTH
28449,26050,26250,101,car,WEST,NORTH
28459,26601,26931,166,car,EAST,SOUTH
28464,27154,27514,181,car,WEST,NORTH
28478,27290,27644,178,car,EAST,SOUTH
28487,27745,28027,142,car,EAST,SOUTH
28489,28148,28304,79,car,EAST,SOUTH
28494,28879,29037,80,car,WEST,NORTH
28502,29236,29488,127,car,EAST,SOUTH
28504,29291,29559,135,car,EAST,SOUTH
28507,29505,30185,341,car,WEST,NORTH
28510,29659,29867,105,car,EAST,NORTH
28519,30001,30279,140,car,EAST,SOUTH
28520,30139,30565,214,car,EAST,SOUTH
28525,30450,30666,109,car,EAST,SOUTH
28526,30701,31033,167,car,WEST,NORTH
28529,31031,31213,92,car,WEST,NORTH
28533,31447,31585,70,car,WEST,NORTH
28534,31632,31730,50,car,WEST,NORTH
28026,161,357,99,bicycle,WEST,SOUTH
28028,187,385,100,bicycle,WEST,SOUTH
28040,690,1102,207,bicycle,WEST,NORTH
28068,2889,3279,196,bicycle,WEST,NORTH
28085,3739,4009,136,bicycle,EAST,SOUTH
28087,3917,4085,85,bicycle,WEST,SOUTH
28100,4719,4923,103,bicycle,EAST,SOUTH
28106,5279,5473,98,bicycle,EAST,SOUTH
28107,5312,5622,156,bicycle,WEST,NORTH
28113,6303,6571,135,bicycle,WEST,NORTH
28114,6291,6503,107,bicycle,WEST,NORTH
28116,6414,6594,91,bicycle,WEST,SOUTH
28145,7783,8073,146,bicycle,WEST,NORTH
28179,9244,9536,147,bicycle,WEST,NORTH
28183,9471,9669,100,bicycle,WEST,SOUTH
28186,9698,9848,76,bicycle,EAST,SOUTH
28200,10550,10950,201,bicycle,WEST,NORTH
28207,10784,11128,173,bicycle,EAST,SOUTH
28219,11923,12173,126,bicycle,EAST,SOUTH
28227,12387,12605,110,bicycle,WEST,SOUTH
28279,16070,16376,154,bicycle,EAST,SOUTH
28284,16282,16466,93,bicycle,WEST,NORTH
28287,16417,16837,211,bicycle,EAST,SOUTH
28289,16456,16862,204,bicycle,EAST,SOUTH
28290,16369,16557,95,bicycle,EAST,NORTH
28308,17873,18099,114,bicycle,WEST,NORTH
28332,19238,19440,102,bicycle,EAST,NORTH
28334,19588,20130,272,bicycle,WEST,NORTH
28337,19688,20210,262,bicycle,WEST,NORTH
28344,19936,20220,143,bicycle,WEST,NORTH
28358,20414,20782,185,bicycle,WEST,SOUTH
28364,21043,21227,93,bicycle,WEST,NORTH
28370,21450,21696,124,bicycle,WEST,NORTH
28387,22718,22906,95,bicycle,WEST,SOUTH
28395,23022,23394,187,bicycle,EAST,SOUTH
28396,23065,23323,130,bicycle,WEST,SOUTH
28399,23377,23699,162,bicycle,WEST,NORTH
28406,23882,24566,343,bicycle,WEST,NORTH
28468,27247,27573,164,bicycle,EAST,SOUTH
28488,28001,28151,76,bicycle,EAST,SOUTH
28493,28904,29138,118,bicycle,WEST,NORTH
28497,29022,29218,99,bicycle,WEST,NORTH
28513,29920,30306,194,bicycle,WEST,NORTH
28524,30547,30749,102,bicycle,WEST,NORTH
28528,30982,31306,163,bicycle,WEST,NORTH
29036,526,824,150,car,EAST,SOUTH
29039,856,992,69,car,WEST,SOUTH
29041,1019,1201,92,car,WEST,SOUTH
29048,1271,1555,143,car,EAST,SOUTH
29054,1472,1658,94,car,EAST,SOUTH
29060,1614,1848,118,car,EAST,SOUTH
29068,1898,2114,109,car,EAST,SOUTH
29075,2395,2595,101,car,EAST,SOUTH
29079,2636,2906,136,car,EAST,SOUTH
29087,2925,3161,119,car,WEST,SOUTH
29088,2851,3021,86,car,EAST,SOUTH
29100,3534,3698,83,car,EAST,SOUTH
29101,3587,3793,104,car,EAST,SOUTH
29103,3674,4010,169,car,EAST,SOUTH
29110,4102,4568,234,car,WEST,NORTH
29120,4558,4970,207,car,WEST,NORTH
29127,5229,5435,104,car,WEST,NORTH
29129,5155,5377,112,car,EAST,SOUTH
29131,5251,5529,140,car,EAST,SOUTH
29153,6782,7012,116,car,EAST,NORTH
29154,6837,7089,127,car,EAST,SOUTH
29155,7156,7342,94,car,EAST,SOUTH
29160,7688,7996,155,car,EAST,SOUTH
29163,7857,8087,116,car,EAST,SOUTH
29165,7919,8205,144,car,EAST,NORTH
29181,8474,8640,84,car,EAST,SOUTH
29188,9067,9443,189,car,EAST,SOUTH
29189,9093,9393,151,car,EAST,SOUTH
29190,9119,9497,190,car,EAST,SOUTH
29191,9177,9549,187,car,EAST,SOUTH
29192,9254,9614,181,car,EAST,SOUTH
29194,9332,9666,168,car,EAST,SOUTH
29197,9463,9755,147,car,EAST,SOUTH
29198,9539,9841,152,car,EAST,SOUTH
29200,9638,9924,144,car,EAST,NORTH
29203,9722,10064,172,car,EAST,SOUTH
29210,10005,10351,174,car,WEST,NORTH
29223,11117,11311,98,car,EAST,SOUTH
29226,11258,11422,83,car,EAST,SOUTH
29230,11713,11893,91,car,EAST,SOUTH
29231,11775,11975,101,car,EAST,SOUTH
29237,12107,12283,89,car,WEST,NORTH
29241,12372,12698,164,car,WEST,SOUTH
29243,12517,13055,270,car,WEST,NORTH
29245,12433,12669,119,car,EAST,SOUTH
29250,12660,12788,65,car,WEST,SOUTH
29255,12829,13187,180,car,EAST,SOUTH
29260,13148,13526,190,car,WEST,NORTH
29270,13442,13598,79,car,WEST,NORTH
29273,13550,14130,291,car,WEST,NORTH
29277,13916,14336,211,car,WEST,NORTH
29280,14166,14382,109,car,WEST,NORTH
29293,14494,14724,116,car,WEST,NORTH
29311,15561,15837,139,car,EAST,SOUTH
29315,15843,16009,84,car,WEST,NORTH
29323,16450,16626,89,car,WEST,NORTH
29325,16624,16798,88,car,WEST,SOUTH
29329,16609,16803,98,car,EAST,SOUTH
29335,16848,17018,86,car,EAST,SOUTH
29336,16977,17173,99,car,WEST,NORTH
29337,16944,17066,62,car,WEST,SOUTH
29354,18175,18335,81,car,WEST,NORTH
29370,18915,19067,77,car,EAST,NORTH
29372,18977,19355,190,car,EAST,SOUTH
29381,19468,19786,160,car,EAST,SOUTH
29386,19636,20072,219,car,EAST,NORTH
29389,19752,20158,204,car,EAST,SOUTH
29394,20012,20216,103,car,EAST,SOUTH
29396,20220,20556,169,car,EAST,SOUTH
29397,20524,20844,161,car,WEST,SOUTH
29406,20998,21186,95,car,EAST,NORTH
29407,21173,21399,114,car,WEST,SOUTH
29409,21122,21258,69,car,EAST,SOUTH
29412,21298,21492,98,car,WEST,NORTH
29416,21505,21687,92,car,EAST,NORTH
29419,21823,22671,425,car,WEST,NORTH
29433,22250,22654,203,car,EAST,SOUTH
29434,22304,22700,199,car,EAST,SOUTH
29437,22413,22729,159,car,EAST,NORTH
29443,22892,23462,286,car,WEST,NORTH
29449,23043,23227,93,car,EAST,SOUTH
29451,23292,23428,69,car,WEST,SOUTH
29459,24008,24172,83,car,WEST,NORTH
29463,24214,24426,107,car,WEST,NORTH
29465,24387,24591,103,car,WEST,NORTH
29469,24543,24901,180,car,EAST,SOUTH
29474,24755,25287,267,car,WEST,NORTH
29475,24691,25007,159,car,EAST,SOUTH
29477,24796,25374,290,car,EAST,SOUTH
29479,24839,25421,292,car,EAST,SOUTH
29488,25405,25529,63,car,WEST,SOUTH
29491,25533,25719,94,car,WEST,NORTH
29503,25999,26391,197,car,EAST,SOUTH
29508,26241,26597,179,car,EAST,SOUTH
29509,26304,26480,89,car,EAST,SOUTH
29512,26435,26847,207,car,EAST,SOUTH
29515,26623,27031,205,car,WEST,NORTH
29517,26548,26728,91,car,EAST,SOUTH
29527,27103,27301,100,car,EAST,SOUTH
29528,27283,27483,101,car,WEST,NORTH
29536,27860,28016,79,car,WEST,SOUTH
29541,27981,28447,234,car,EAST,SOUTH
29562,29305,29521,109,car,WEST,NORTH
29564,29309,29559,126,car,EAST,NORTH
29570,29759,29971,107,car,WEST,NORTH
29572,30057,30193,69,car,WEST,SOUTH
29573,30019,30197,90,car,EAST,SOUTH
29574,30126,30386,131,car,EAST,SOUTH
29578,30277,30481,103,car,EAST,SOUTH
29581,30714,30960,124,car,EAST,SOUTH
29591,31241,31459,110,car,EAST,SOUTH
29598,31641,31795,78,car,EAST,NORTH
29599,31742,31938,99,car,EAST,SOUTH
29602,31865,32105,121,car,EAST,SOUTH
29604,31944,32168,113,car,EAST,SOUTH
29605,32047,32247,101,car,EAST,SOUTH
29607,32120,32282,82,car,EAST,NORTH
29609,32233,32421,95,car,EAST,SOUTH
29612,32298,32478,91,car,EAST,SOUTH
29004,84,322,120,bicycle,WEST,NORTH
29045,1200,1444,123,bicycle,EAST,NORTH
29066,1856,2028,87,bicycle,WEST,SOUTH
29082,2767,2939,87,bicycle,WEST,NORTH
29084,2822,2986,83,bicycle,WEST,NORTH
29132,5400,5850,226,bicycle,WEST,NORTH
29162,7874,8210,169,bicycle,WEST,NORTH
29170,8302,8818,259,bicycle,WEST,NORTH
29182,8496,8730,118,bicycle,EAST,SOUTH
29199,9727,9945,110,bicycle,WEST,NORTH
29204,9911,10327,209,bicycle,WEST,NORTH
29217,10690,10872,92,bicycle,WEST,SOUTH
29246,12629,13191,282,bicycle,WEST,NORTH
29253,13049,13401,177,bicycle,WEST,NORTH
29297,14712,14904,97,bicycle,WEST,NORTH
29304,15103,15367,133,bicycle,EAST,SOUTH
29333,16894,17078,93,bicycle,WEST,SOUTH
29355,18350,18544,98,bicycle,WEST,NORTH
29362,18717,18829,57,bicycle,EAST,SOUTH
29368,19141,19677,269,bicycle,WEST,NORTH
29375,19083,19429,174,bicycle,EAST,SOUTH
29376,19240,19622,192,bicycle,WEST,NORTH
29385,19774,20096,162,bicycle,WEST,SOUTH
29387,19795,20067,137,bicycle,WEST,SOUTH
29390,19942,20392,226,bicycle,EAST,SOUTH
29391,19899,20493,298,bicycle,WEST,NORTH
29393,20130,20350,111,bicycle,EAST,SOUTH
29414,21460,21642,92,bicycle,EAST,NORTH
29429,22053,22235,92,bicycle,WEST,SOUTH
29430,22220,22428,105,bicycle,WEST,SOUTH
29436,22484,22770,144,bicycle,WEST,NORTH
29452,23525,23623,50,bicycle,WEST,SOUTH
29454,23637,23699,32,bicycle,WEST,NORTH
29461,24114,24204,46,bicycle,WEST,SOUTH
29489,25467,25681,108,bicycle,WEST,NORTH
29494,25699,25849,76,bicycle,WEST,SOUTH
29495,25791,26035,123,bicycle,WEST,NORTH
29504,26136,26272,69,bicycle,WEST,SOUTH
29507,26317,26823,254,bicycle,EAST,SOUTH
29510,26563,26777,108,bicycle,WEST,SOUTH
29563,29377,29587,106,bicycle,WEST,NORTH
29583,30873,31099,114,bicycle,EAST,SOUTH
20404,26539,27159,311,fast_pedestrian,WEST,NORTH
20456,29585,29887,152,fast_pedestrian,WEST,SOUTH
21252,13169,13693,263,fast_pedestrian,WEST,NORTH
21549,30840,31102,132,fast_pedestrian,EAST,SOUTH
23066,2715,3105,196,fast_pedestrian,WEST,NORTH
23378,19394,20296,452,fast_pedestrian,WEST,SOUTH
24331,16561,16997,219,fast_pedestrian,WEST,NORTH
28230,12340,12774,218,fast_pedestrian,EAST,SOUTH
28252,14223,14407,93,fast_pedestrian,EAST,SOUTH
29106,3939,4279,171,fast_pedestrian,WEST,NORTH
29238,12388,12672,143,fast_pedestrian,WEST,SOUTH
29240,12429,12701,137,fast_pedestrian,WEST,SOUTH
